weeks_on_list,publisher,title,author,contributor,age_group,published_date,list_name
1,Putnam,OCEAN PREY,John Sandford,by John Sandford,,2021-05-02,Hardcover Fiction
3,Viking,THE HILL WE CLIMB,Amanda Gorman,by Amanda Gorman,,2021-05-02,Hardcover Fiction
1,Emily Bestler/Atria,THE DEVIL'S HAND,Jack Carr,by Jack Carr,,2021-05-02,Hardcover Fiction
11,St. Martin's,THE FOUR WINDS,Kristin Hannah,by Kristin Hannah,,2021-05-02,Hardcover Fiction
20,Viking,THE MIDNIGHT LIBRARY,Matt Haig,by Matt Haig,,2021-05-02,Hardcover Fiction
3,"Little, Brown",THE RED BOOK,James Patterson and David Ellis,by James Patterson and David Ellis,,2021-05-02,Hardcover Fiction
1,St. Martin's,THE GOOD SISTER,Sally Hepworth,by Sally Hepworth,,2021-05-02,Hardcover Fiction
25,Tor/Forge,THE INVISIBLE LIFE OF ADDIE LARUE,V.E. Schwab,by V.E. Schwab,,2021-05-02,Hardcover Fiction
5,Grand Central,WIN,Harlan Coben,by Harlan Coben,,2021-05-02,Hardcover Fiction
1,Harper,STARGAZER,Anne Hillerman,by Anne Hillerman,,2021-05-02,Hardcover Fiction
7,Knopf,KLARA AND THE SUN,Kazuo Ishiguro,by Kazuo Ishiguro,,2021-05-02,Hardcover Fiction
1,Ballantine,WHEN THE STARS GO DARK,Paula McLain,by Paula McLain,,2021-05-02,Hardcover Fiction
2,Ecco,GOOD COMPANY,Cynthia D'Aprix Sweeney,by Cynthia D'Aprix Sweeney,,2021-05-02,Hardcover Fiction
46,Riverhead,THE VANISHING HALF,Brit Bennett,by Brit Bennett,,2021-05-02,Hardcover Fiction
2,Viking,NORTHERN SPY,Flynn Berry,by Flynn Berry,,2021-05-02,Hardcover Fiction
2,Viking,THE HILL WE CLIMB,Amanda Gorman,by Amanda Gorman,,2021-04-25,Hardcover Fiction
10,St. Martin's,THE FOUR WINDS,Kristin Hannah,by Kristin Hannah,,2021-04-25,Hardcover Fiction
19,Viking,THE MIDNIGHT LIBRARY,Matt Haig,by Matt Haig,,2021-04-25,Hardcover Fiction
1,Ecco,GOOD COMPANY,Cynthia D'Aprix Sweeney,by Cynthia D'Aprix Sweeney,,2021-04-25,Hardcover Fiction
2,"Little, Brown",THE RED BOOK,James Patterson and David Ellis,by James Patterson and David Ellis,,2021-04-25,Hardcover Fiction
1,Knopf,FIRST PERSON SINGULAR,Haruki Murakami,by Haruki Murakami,,2021-04-25,Hardcover Fiction
1,Viking,NORTHERN SPY,Flynn Berry,by Flynn Berry,,2021-04-25,Hardcover Fiction
24,Tor/Forge,THE INVISIBLE LIFE OF ADDIE LARUE,V.E. Schwab,by V.E. Schwab,,2021-04-25,Hardcover Fiction
4,Grand Central,WIN,Harlan Coben,by Harlan Coben,,2021-04-25,Hardcover Fiction
6,Knopf,KLARA AND THE SUN,Kazuo Ishiguro,by Kazuo Ishiguro,,2021-04-25,Hardcover Fiction
1,Random House,YOU LOVE ME,Caroline Kepnes,by Caroline Kepnes,,2021-04-25,Hardcover Fiction
6,Atria/Emily Bestler,LIFE AFTER DEATH,Sister Souljah,by Sister Souljah,,2021-04-25,Hardcover Fiction
45,Riverhead,THE VANISHING HALF,Brit Bennett,by Brit Bennett,,2021-04-25,Hardcover Fiction
3,Putnam,ETERNAL,Lisa Scottoline,by Lisa Scottoline,,2021-04-25,Hardcover Fiction
6,Park Row,THE LOST APOTHECARY,Sarah Penner,by Sarah Penner,,2021-04-25,Hardcover Fiction
1,Viking,THE HILL WE CLIMB,Amanda Gorman,by Amanda Gorman,,2021-04-18,Hardcover Fiction
9,St. Martin's,THE FOUR WINDS,Kristin Hannah,by Kristin Hannah,,2021-04-18,Hardcover Fiction
1,"Little, Brown",THE RED BOOK,James Patterson and David Ellis,by James Patterson and David Ellis,,2021-04-18,Hardcover Fiction
18,Viking,THE MIDNIGHT LIBRARY,Matt Haig,by Matt Haig,,2021-04-18,Hardcover Fiction
5,Knopf,KLARA AND THE SUN,Kazuo Ishiguro,by Kazuo Ishiguro,,2021-04-18,Hardcover Fiction
23,Tor/Forge,THE INVISIBLE LIFE OF ADDIE LARUE,V.E. Schwab,by V.E. Schwab,,2021-04-18,Hardcover Fiction
3,Grand Central,WIN,Harlan Coben,by Harlan Coben,,2021-04-18,Hardcover Fiction
5,Atria/Emily Bestler,LIFE AFTER DEATH,Sister Souljah,by Sister Souljah,,2021-04-18,Hardcover Fiction
5,Park Row,THE LOST APOTHECARY,Sarah Penner,by Sarah Penner,,2021-04-18,Hardcover Fiction
1,Ballantine,SUNFLOWER SISTERS,Martha Hall Kelly,by Martha Hall Kelly,,2021-04-18,Hardcover Fiction
2,Putnam,ETERNAL,Lisa Scottoline,by Lisa Scottoline,,2021-04-18,Hardcover Fiction
44,Riverhead,THE VANISHING HALF,Brit Bennett,by Brit Bennett,,2021-04-18,Hardcover Fiction
1,Flatiron,OF WOMEN AND SALT,Gabriela Garcia,by Gabriela Garcia,,2021-04-18,Hardcover Fiction
5,Holt,WE BEGIN AT THE END,Chris Whitaker,by Chris Whitaker,,2021-04-18,Hardcover Fiction
6,Bloomsbury,A COURT OF SILVER FLAMES,Sarah J. Maas,by Sarah J. Maas,,2021-04-18,Hardcover Fiction
8,St. Martin's,THE FOUR WINDS,Kristin Hannah,by Kristin Hannah,,2021-04-11,Hardcover Fiction
17,Viking,THE MIDNIGHT LIBRARY,Matt Haig,by Matt Haig,,2021-04-11,Hardcover Fiction
2,Grand Central,WIN,Harlan Coben,by Harlan Coben,,2021-04-11,Hardcover Fiction
1,Putnam,ETERNAL,Lisa Scottoline,by Lisa Scottoline,,2021-04-11,Hardcover Fiction
4,Atria/Emily Bestler,LIFE AFTER DEATH,Sister Souljah,by Sister Souljah,,2021-04-11,Hardcover Fiction
1,Harper,THE CONSEQUENCES OF FEAR,Jacqueline Winspear,by Jacqueline Winspear,,2021-04-11,Hardcover Fiction
22,Tor/Forge,THE INVISIBLE LIFE OF ADDIE LARUE,V.E. Schwab,by V.E. Schwab,,2021-04-11,Hardcover Fiction
1,Atria,THE BOUNTY,Janet Evanovich and Steve Hamilton,by Janet Evanovich and Steve Hamilton,,2021-04-11,Hardcover Fiction
4,Knopf,KLARA AND THE SUN,Kazuo Ishiguro,by Kazuo Ishiguro,,2021-04-11,Hardcover Fiction
4,Putnam,DARK SKY,C.J. Box,by C.J. Box,,2021-04-11,Hardcover Fiction
4,Holt,WE BEGIN AT THE END,Chris Whitaker,by Chris Whitaker,,2021-04-11,Hardcover Fiction
43,Riverhead,THE VANISHING HALF,Brit Bennett,by Brit Bennett,,2021-04-11,Hardcover Fiction
1,Putnam,DOUBLE JEOPARDY,Stuart Woods,by Stuart Woods,,2021-04-11,Hardcover Fiction
4,Park Row,THE LOST APOTHECARY,Sarah Penner,by Sarah Penner,,2021-04-11,Hardcover Fiction
133,Putnam,WHERE THE CRAWDADS SING,Delia Owens,by Delia Owens,,2021-04-11,Hardcover Fiction
1,Grand Central,WIN,Harlan Coben,by Harlan Coben,,2021-04-04,Hardcover Fiction
7,St. Martin's,THE FOUR WINDS,Kristin Hannah,by Kristin Hannah,,2021-04-04,Hardcover Fiction
3,Atria/Emily Bestler,LIFE AFTER DEATH,Sister Souljah,by Sister Souljah,,2021-04-04,Hardcover Fiction
16,Viking,THE MIDNIGHT LIBRARY,Matt Haig,by Matt Haig,,2021-04-04,Hardcover Fiction
3,Knopf,KLARA AND THE SUN,Kazuo Ishiguro,by Kazuo Ishiguro,,2021-04-04,Hardcover Fiction
21,Tor/Forge,THE INVISIBLE LIFE OF ADDIE LARUE,V.E. Schwab,by V.E. Schwab,,2021-04-04,Hardcover Fiction
3,Putnam,DARK SKY,C.J. Box,by C.J. Box,,2021-04-04,Hardcover Fiction
3,Holt,WE BEGIN AT THE END,Chris Whitaker,by Chris Whitaker,,2021-04-04,Hardcover Fiction
1,Ace,WILD SIGN,Patricia Briggs,by Patricia Briggs,,2021-04-04,Hardcover Fiction
42,Riverhead,THE VANISHING HALF,Brit Bennett,by Brit Bennett,,2021-04-04,Hardcover Fiction
2,Putnam,FAST ICE,Clive Cussler and Graham Brown,by Clive Cussler and Graham Brown,,2021-04-04,Hardcover Fiction
5,Bloomsbury,A COURT OF SILVER FLAMES,Sarah J. Maas,by Sarah J. Maas,,2021-04-04,Hardcover Fiction
132,Putnam,WHERE THE CRAWDADS SING,Delia Owens,by Delia Owens,,2021-04-04,Hardcover Fiction
3,Delacorte,THE AFFAIR,Danielle Steel,by Danielle Steel,,2021-04-04,Hardcover Fiction
3,Park Row,THE LOST APOTHECARY,Sarah Penner,by Sarah Penner,,2021-04-04,Hardcover Fiction
2,Atria/Emily Bestler,LIFE AFTER DEATH,Sister Souljah,by Sister Souljah,,2021-03-28,Hardcover Fiction
6,St. Martin's,THE FOUR WINDS,Kristin Hannah,by Kristin Hannah,,2021-03-28,Hardcover Fiction
15,Viking,THE MIDNIGHT LIBRARY,Matt Haig,by Matt Haig,,2021-03-28,Hardcover Fiction
2,Knopf,KLARA AND THE SUN,Kazuo Ishiguro,by Kazuo Ishiguro,,2021-03-28,Hardcover Fiction
2,Putnam,DARK SKY,C.J. Box,by C.J. Box,,2021-03-28,Hardcover Fiction
1,Penguin Press,2034,Elliot Ackerman and Adm. James Stavridis,by Elliot Ackerman and Adm. James Stavridis,,2021-03-28,Hardcover Fiction
1,Putnam,FAST ICE,Clive Cussler and Graham Brown,by Clive Cussler and Graham Brown,,2021-03-28,Hardcover Fiction
2,Delacorte,THE AFFAIR,Danielle Steel,by Danielle Steel,,2021-03-28,Hardcover Fiction
2,Holt,WE BEGIN AT THE END,Chris Whitaker,by Chris Whitaker,,2021-03-28,Hardcover Fiction
20,Tor/Forge,THE INVISIBLE LIFE OF ADDIE LARUE,V.E. Schwab,by V.E. Schwab,,2021-03-28,Hardcover Fiction
2,Park Row,THE LOST APOTHECARY,Sarah Penner,by Sarah Penner,,2021-03-28,Hardcover Fiction
41,Riverhead,THE VANISHING HALF,Brit Bennett,by Brit Bennett,,2021-03-28,Hardcover Fiction
4,Bloomsbury,A COURT OF SILVER FLAMES,Sarah J. Maas,by Sarah J. Maas,,2021-03-28,Hardcover Fiction
6,Pamela Dorman,THE SANATORIUM,Sarah Pearse,by Sarah Pearse,,2021-03-28,Hardcover Fiction
131,Putnam,WHERE THE CRAWDADS SING,Delia Owens,by Delia Owens,,2021-03-28,Hardcover Fiction
1,Atria/Emily Bestler,LIFE AFTER DEATH,Sister Souljah,by Sister Souljah,,2021-03-21,Hardcover Fiction
5,St. Martin's,THE FOUR WINDS,Kristin Hannah,by Kristin Hannah,,2021-03-21,Hardcover Fiction
1,Knopf,KLARA AND THE SUN,Kazuo Ishiguro,by Kazuo Ishiguro,,2021-03-21,Hardcover Fiction
1,Putnam,DARK SKY,C.J. Box,by C.J. Box,,2021-03-21,Hardcover Fiction
1,Delacorte,THE AFFAIR,Danielle Steel,by Danielle Steel,,2021-03-21,Hardcover Fiction
14,Viking,THE MIDNIGHT LIBRARY,Matt Haig,by Matt Haig,,2021-03-21,Hardcover Fiction
1,Park Row,THE LOST APOTHECARY,Sarah Penner,by Sarah Penner,,2021-03-21,Hardcover Fiction
40,Riverhead,THE VANISHING HALF,Brit Bennett,by Brit Bennett,,2021-03-21,Hardcover Fiction
1,Avid Reader/Simon & Schuster,INFINITE COUNTRY,Patricia Engel,by Patricia Engel,,2021-03-21,Hardcover Fiction
3,Bloomsbury,A COURT OF SILVER FLAMES,Sarah J. Maas,by Sarah J. Maas,,2021-03-21,Hardcover Fiction
1,Grand Central,WHAT'S MINE AND YOURS,Naima Coster,by Naima Coster,,2021-03-21,Hardcover Fiction
19,Tor/Forge,THE INVISIBLE LIFE OF ADDIE LARUE,V.E. Schwab,by V.E. Schwab,,2021-03-21,Hardcover Fiction
5,Pamela Dorman,THE SANATORIUM,Sarah Pearse,by Sarah Pearse,,2021-03-21,Hardcover Fiction
1,Holt,WE BEGIN AT THE END,Chris Whitaker,by Chris Whitaker,,2021-03-21,Hardcover Fiction
1,Grove,THE COMMITTED,Viet Thanh Nguyen,by Viet Thanh Nguyen,,2021-03-21,Hardcover Fiction
4,St. Martin's,THE FOUR WINDS,Kristin Hannah,by Kristin Hannah,,2021-03-14,Hardcover Fiction
2,Bloomsbury,A COURT OF SILVER FLAMES,Sarah J. Maas,by Sarah J. Maas,,2021-03-14,Hardcover Fiction
13,Viking,THE MIDNIGHT LIBRARY,Matt Haig,by Matt Haig,,2021-03-14,Hardcover Fiction
4,Pamela Dorman,THE SANATORIUM,Sarah Pearse,by Sarah Pearse,,2021-03-14,Hardcover Fiction
39,Riverhead,THE VANISHING HALF,Brit Bennett,by Brit Bennett,,2021-03-14,Hardcover Fiction
18,Tor/Forge,THE INVISIBLE LIFE OF ADDIE LARUE,V.E. Schwab,by V.E. Schwab,,2021-03-14,Hardcover Fiction
130,Putnam,WHERE THE CRAWDADS SING,Delia Owens,by Delia Owens,,2021-03-14,Hardcover Fiction
1,Minotaur,THE KAISER'S WEB,Steve Berry,by Steve Berry,,2021-03-14,Hardcover Fiction
3,St. Martin's,FAITHLESS IN DEATH,J.D. Robb,by J.D. Robb,,2021-03-14,Hardcover Fiction
5,"Little, Brown",THE RUSSIAN,James Patterson and James O. Born,by James Patterson and James O. Born,,2021-03-14,Hardcover Fiction
1,Kensington,TRIPLE CHOCOLATE CHEESECAKE MURDER,Joanne Fluke,by Joanne Fluke,,2021-03-14,Hardcover Fiction
1,Delacorte,KINGDOM OF SHADOW AND LIGHT,Karen Marie Moning,by Karen Marie Moning,,2021-03-14,Hardcover Fiction
3,Atria,THE PARIS LIBRARY,Janet Skeslien Charles,by Janet Skeslien Charles,,2021-03-14,Hardcover Fiction
22,Grand Central,THE RETURN,Nicholas Sparks,by Nicholas Sparks,,2021-03-14,Hardcover Fiction
24,Atria,ANXIOUS PEOPLE,Fredrik Backman,by Fredrik Backman,,2021-03-14,Hardcover Fiction
1,Bloomsbury,A COURT OF SILVER FLAMES,Sarah J. Maas,by Sarah J. Maas,,2021-03-07,Hardcover Fiction
3,St. Martin's,THE FOUR WINDS,Kristin Hannah,by Kristin Hannah,,2021-03-07,Hardcover Fiction
12,Viking,THE MIDNIGHT LIBRARY,Matt Haig,by Matt Haig,,2021-03-07,Hardcover Fiction
38,Riverhead,THE VANISHING HALF,Brit Bennett,by Brit Bennett,,2021-03-07,Hardcover Fiction
3,Pamela Dorman,THE SANATORIUM,Sarah Pearse,by Sarah Pearse,,2021-03-07,Hardcover Fiction
17,Tor/Forge,THE INVISIBLE LIFE OF ADDIE LARUE,V.E. Schwab,by V.E. Schwab,,2021-03-07,Hardcover Fiction
129,Putnam,WHERE THE CRAWDADS SING,Delia Owens,by Delia Owens,,2021-03-07,Hardcover Fiction
4,"Little, Brown",THE RUSSIAN,James Patterson and James O. Born,by James Patterson and James O. Born,,2021-03-07,Hardcover Fiction
2,St. Martin's,FAITHLESS IN DEATH,J.D. Robb,by J.D. Robb,,2021-03-07,Hardcover Fiction
1,Morrow,MISSING AND ENDANGERED,J.A. Jance,by J.A. Jance,,2021-03-07,Hardcover Fiction
1,Berkley,RELENTLESS,Mark Greaney,by Mark Greaney,,2021-03-07,Hardcover Fiction
23,Atria,ANXIOUS PEOPLE,Fredrik Backman,by Fredrik Backman,,2021-03-07,Hardcover Fiction
2,Atria,THE PARIS LIBRARY,Janet Skeslien Charles,by Janet Skeslien Charles,,2021-03-07,Hardcover Fiction
21,Grand Central,THE RETURN,Nicholas Sparks,by Nicholas Sparks,,2021-03-07,Hardcover Fiction
19,Doubleday,A TIME FOR MERCY,John Grisham,by John Grisham,,2021-03-07,Hardcover Fiction
2,St. Martin's,THE FOUR WINDS,Kristin Hannah,by Kristin Hannah,,2021-02-28,Hardcover Fiction
1,St. Martin's,FAITHLESS IN DEATH,J.D. Robb,by J.D. Robb,,2021-02-28,Hardcover Fiction
11,Viking,THE MIDNIGHT LIBRARY,Matt Haig,by Matt Haig,,2021-02-28,Hardcover Fiction
2,Pamela Dorman,THE SANATORIUM,Sarah Pearse,by Sarah Pearse,,2021-02-28,Hardcover Fiction
37,Riverhead,THE VANISHING HALF,Brit Bennett,by Brit Bennett,,2021-02-28,Hardcover Fiction
16,Tor/Forge,THE INVISIBLE LIFE OF ADDIE LARUE,V.E. Schwab,by V.E. Schwab,,2021-02-28,Hardcover Fiction
3,"Little, Brown",THE RUSSIAN,James Patterson and James O. Born,by James Patterson and James O. Born,,2021-02-28,Hardcover Fiction
128,Putnam,WHERE THE CRAWDADS SING,Delia Owens,by Delia Owens,,2021-02-28,Hardcover Fiction
1,Atria,THE PARIS LIBRARY,Janet Skeslien Charles,by Janet Skeslien Charles,,2021-02-28,Hardcover Fiction
22,Atria,ANXIOUS PEOPLE,Fredrik Backman,by Fredrik Backman,,2021-02-28,Hardcover Fiction
18,Doubleday,A TIME FOR MERCY,John Grisham,by John Grisham,,2021-02-28,Hardcover Fiction
20,Grand Central,THE RETURN,Nicholas Sparks,by Nicholas Sparks,,2021-02-28,Hardcover Fiction
12,Ballantine,READY PLAYER TWO,Ernest Cline,by Ernest Cline,,2021-02-28,Hardcover Fiction
25,Morrow,THE GUEST LIST,Lucy Foley,by Lucy Foley,,2021-02-28,Hardcover Fiction
5,Delacorte,NEIGHBORS,Danielle Steel,by Danielle Steel,,2021-02-28,Hardcover Fiction
1,St. Martin's,THE FOUR WINDS,Kristin Hannah,by Kristin Hannah,,2021-02-21,Hardcover Fiction
1,Flatiron,THE SURVIVORS,Jane Harper,by Jane Harper,,2021-02-21,Hardcover Fiction
36,Riverhead,THE VANISHING HALF,Brit Bennett,by Brit Bennett,,2021-02-21,Hardcover Fiction
2,"Little, Brown",THE RUSSIAN,James Patterson and James O. Born,by James Patterson and James O. Born,,2021-02-21,Hardcover Fiction
1,Pamela Dorman,THE SANATORIUM,Sarah Pearse,by Sarah Pearse,,2021-02-21,Hardcover Fiction
10,Viking,THE MIDNIGHT LIBRARY,Matt Haig,by Matt Haig,,2021-02-21,Hardcover Fiction
15,Tor/Forge,THE INVISIBLE LIFE OF ADDIE LARUE,V.E. Schwab,by V.E. Schwab,,2021-02-21,Hardcover Fiction
1,Knopf,SEND FOR ME,Lauren Fox,by Lauren Fox,,2021-02-21,Hardcover Fiction
127,Putnam,WHERE THE CRAWDADS SING,Delia Owens,by Delia Owens,,2021-02-21,Hardcover Fiction
1,Viking,GIRL A,Abigail Dean,by Abigail Dean,,2021-02-21,Hardcover Fiction
21,Atria,ANXIOUS PEOPLE,Fredrik Backman,by Fredrik Backman,,2021-02-21,Hardcover Fiction
17,Doubleday,A TIME FOR MERCY,John Grisham,by John Grisham,,2021-02-21,Hardcover Fiction
1,Ballantine,SERPENTINE,Jonathan Kellerman,by Jonathan Kellerman,,2021-02-21,Hardcover Fiction
11,Ballantine,READY PLAYER TWO,Ernest Cline,by Ernest Cline,,2021-02-21,Hardcover Fiction
19,Grand Central,THE RETURN,Nicholas Sparks,by Nicholas Sparks,,2021-02-21,Hardcover Fiction
1,"Little, Brown",THE RUSSIAN,James Patterson and James O. Born,by James Patterson and James O. Born,,2021-02-14,Hardcover Fiction
35,Riverhead,THE VANISHING HALF,Brit Bennett,by Brit Bennett,,2021-02-14,Hardcover Fiction
9,Viking,THE MIDNIGHT LIBRARY,Matt Haig,by Matt Haig,,2021-02-14,Hardcover Fiction
14,Tor/Forge,THE INVISIBLE LIFE OF ADDIE LARUE,V.E. Schwab,by V.E. Schwab,,2021-02-14,Hardcover Fiction
126,Putnam,WHERE THE CRAWDADS SING,Delia Owens,by Delia Owens,,2021-02-14,Hardcover Fiction
3,Pamela Dorman,THE PUSH,Ashley Audrain,by Ashley Audrain,,2021-02-14,Hardcover Fiction
18,Grand Central,THE RETURN,Nicholas Sparks,by Nicholas Sparks,,2021-02-14,Hardcover Fiction
4,Delacorte,NEIGHBORS,Danielle Steel,by Danielle Steel,,2021-02-14,Hardcover Fiction
10,Ballantine,READY PLAYER TWO,Ernest Cline,by Ernest Cline,,2021-02-14,Hardcover Fiction
20,Atria,ANXIOUS PEOPLE,Fredrik Backman,by Fredrik Backman,,2021-02-14,Hardcover Fiction
16,Doubleday,A TIME FOR MERCY,John Grisham,by John Grisham,,2021-02-14,Hardcover Fiction
2,Dutton,BEFORE SHE DISAPPEARED,Lisa Gardner,by Lisa Gardner,,2021-02-14,Hardcover Fiction
24,Morrow,THE GUEST LIST,Lucy Foley,by Lucy Foley,,2021-02-14,Hardcover Fiction
35,Flatiron,AMERICAN DIRT,Jeanine Cummins,by Jeanine Cummins,,2021-02-14,Hardcover Fiction
4,Del Rey,STAR WARS: LIGHT OF THE JEDI,Charles Soule,by Charles Soule,,2021-02-14,Hardcover Fiction
34,Riverhead,THE VANISHING HALF,Brit Bennett,by Brit Bennett,,2021-02-07,Hardcover Fiction
13,Tor/Forge,THE INVISIBLE LIFE OF ADDIE LARUE,V.E. Schwab,by V.E. Schwab,,2021-02-07,Hardcover Fiction
125,Putnam,WHERE THE CRAWDADS SING,Delia Owens,by Delia Owens,,2021-02-07,Hardcover Fiction
2,Pamela Dorman,THE PUSH,Ashley Audrain,by Ashley Audrain,,2021-02-07,Hardcover Fiction
8,Viking,THE MIDNIGHT LIBRARY,Matt Haig,by Matt Haig,,2021-02-07,Hardcover Fiction
3,Delacorte,NEIGHBORS,Danielle Steel,by Danielle Steel,,2021-02-07,Hardcover Fiction
1,Dutton,BEFORE SHE DISAPPEARED,Lisa Gardner,by Lisa Gardner,,2021-02-07,Hardcover Fiction
17,Grand Central,THE RETURN,Nicholas Sparks,by Nicholas Sparks,,2021-02-07,Hardcover Fiction
9,Ballantine,READY PLAYER TWO,Ernest Cline,by Ernest Cline,,2021-02-07,Hardcover Fiction
3,Del Rey,STAR WARS: LIGHT OF THE JEDI,Charles Soule,by Charles Soule,,2021-02-07,Hardcover Fiction
15,Doubleday,A TIME FOR MERCY,John Grisham,by John Grisham,,2021-02-07,Hardcover Fiction
19,Atria,ANXIOUS PEOPLE,Fredrik Backman,by Fredrik Backman,,2021-02-07,Hardcover Fiction
2,Grand Central,THE SCORPION'S TAIL,Douglas Preston and Lincoln Child,by Douglas Preston and Lincoln Child,,2021-02-07,Hardcover Fiction
23,Morrow,THE GUEST LIST,Lucy Foley,by Lucy Foley,,2021-02-07,Hardcover Fiction
8,"Little, Brown",DEADLY CROSS,James Patterson,by James Patterson,,2021-02-07,Hardcover Fiction
33,Riverhead,THE VANISHING HALF,Brit Bennett,by Brit Bennett,,2021-01-31,Hardcover Fiction
1,Grand Central,THE SCORPION'S TAIL,Douglas Preston and Lincoln Child,by Douglas Preston and Lincoln Child,,2021-01-31,Hardcover Fiction
2,Delacorte,NEIGHBORS,Danielle Steel,by Danielle Steel,,2021-01-31,Hardcover Fiction
2,Del Rey,STAR WARS: LIGHT OF THE JEDI,Charles Soule,by Charles Soule,,2021-01-31,Hardcover Fiction
7,Viking,THE MIDNIGHT LIBRARY,Matt Haig,by Matt Haig,,2021-01-31,Hardcover Fiction
124,Putnam,WHERE THE CRAWDADS SING,Delia Owens,by Delia Owens,,2021-01-31,Hardcover Fiction
12,Tor/Forge,THE INVISIBLE LIFE OF ADDIE LARUE,V.E. Schwab,by V.E. Schwab,,2021-01-31,Hardcover Fiction
18,Atria,ANXIOUS PEOPLE,Fredrik Backman,by Fredrik Backman,,2021-01-31,Hardcover Fiction
16,Grand Central,THE RETURN,Nicholas Sparks,by Nicholas Sparks,,2021-01-31,Hardcover Fiction
14,Doubleday,A TIME FOR MERCY,John Grisham,by John Grisham,,2021-01-31,Hardcover Fiction
8,Ballantine,READY PLAYER TWO,Ernest Cline,by Ernest Cline,,2021-01-31,Hardcover Fiction
2,Knopf,HAMNET,Maggie O'Farrell,by Maggie O'Farrell,,2021-01-31,Hardcover Fiction
2,Bloomsbury,OUTLAWED,Anna North,by Anna North,,2021-01-31,Hardcover Fiction
7,"Little, Brown",DEADLY CROSS,James Patterson,by James Patterson,,2021-01-31,Hardcover Fiction
22,Morrow,THE GUEST LIST,Lucy Foley,by Lucy Foley,,2021-01-31,Hardcover Fiction
1,Del Rey,STAR WARS: LIGHT OF THE JEDI,Charles Soule,by Charles Soule,,2021-01-24,Hardcover Fiction
1,Delacorte,NEIGHBORS,Danielle Steel,by Danielle Steel,,2021-01-24,Hardcover Fiction
32,Riverhead,THE VANISHING HALF,Brit Bennett,by Brit Bennett,,2021-01-24,Hardcover Fiction
1,St. Martin's,THE WIFE UPSTAIRS,Rachel Hawkins,by Rachel Hawkins,,2021-01-24,Hardcover Fiction
123,Putnam,WHERE THE CRAWDADS SING,Delia Owens,by Delia Owens,,2021-01-24,Hardcover Fiction
1,Bloomsbury,OUTLAWED,Anna North,by Anna North,,2021-01-24,Hardcover Fiction
15,Grand Central,THE RETURN,Nicholas Sparks,by Nicholas Sparks,,2021-01-24,Hardcover Fiction
1,Putnam,THE PROPHETS,Robert Jones Jr,by Robert Jones Jr.,,2021-01-24,Hardcover Fiction
13,Doubleday,A TIME FOR MERCY,John Grisham,by John Grisham,,2021-01-24,Hardcover Fiction
17,Atria,ANXIOUS PEOPLE,Fredrik Backman,by Fredrik Backman,,2021-01-24,Hardcover Fiction
7,Ballantine,READY PLAYER TWO,Ernest Cline,by Ernest Cline,,2021-01-24,Hardcover Fiction
2,Sourcebooks Landmark,THE MYSTERY OF MRS. CHRISTIE,Marie Benedict,by Marie Benedict,,2021-01-24,Hardcover Fiction
6,Viking,THE MIDNIGHT LIBRARY,Matt Haig,by Matt Haig,,2021-01-24,Hardcover Fiction
1,Pamela Dorman,THE PUSH,Ashley Audrain,by Ashley Audrain,,2021-01-24,Hardcover Fiction
1,Houghton Mifflin Harcourt,BLACK BUCK,Mateo Askaripour,by Mateo Askaripour,,2021-01-24,Hardcover Fiction
31,Riverhead,THE VANISHING HALF,Brit Bennett,by Brit Bennett,,2021-01-17,Hardcover Fiction
11,Tor/Forge,THE INVISIBLE LIFE OF ADDIE LARUE,V.E. Schwab,by V.E. Schwab,,2021-01-17,Hardcover Fiction
14,Grand Central,THE RETURN,Nicholas Sparks,by Nicholas Sparks,,2021-01-17,Hardcover Fiction
6,Ballantine,READY PLAYER TWO,Ernest Cline,by Ernest Cline,,2021-01-17,Hardcover Fiction
122,Putnam,WHERE THE CRAWDADS SING,Delia Owens,by Delia Owens,,2021-01-17,Hardcover Fiction
16,Atria,ANXIOUS PEOPLE,Fredrik Backman,by Fredrik Backman,,2021-01-17,Hardcover Fiction
12,Doubleday,A TIME FOR MERCY,John Grisham,by John Grisham,,2021-01-17,Hardcover Fiction
1,Sourcebooks Landmark,THE MYSTERY OF MRS. CHRISTIE,Marie Benedict,by Marie Benedict,,2021-01-17,Hardcover Fiction
5,Viking,THE MIDNIGHT LIBRARY,Matt Haig,by Matt Haig,,2021-01-17,Hardcover Fiction
6,"Little, Brown",DEADLY CROSS,James Patterson,by James Patterson,,2021-01-17,Hardcover Fiction
7,Grand Central,DAYLIGHT,David Baldacci,by David Baldacci,,2021-01-17,Hardcover Fiction
21,Morrow,THE GUEST LIST,Lucy Foley,by Lucy Foley,,2021-01-17,Hardcover Fiction
6,St. Martin's,THE AWAKENING,Nora Roberts,by Nora Roberts,,2021-01-17,Hardcover Fiction
1,Putnam,HUSH-HUSH,Stuart Woods,by Stuart Woods,,2021-01-17,Hardcover Fiction
10,Delacorte,THE SENTINEL,Lee Child and Andrew Child,by Lee Child and Andrew Child,,2021-01-17,Hardcover Fiction
11,Doubleday,A TIME FOR MERCY,John Grisham,by John Grisham,,2021-01-10,Hardcover Fiction
5,Ballantine,READY PLAYER TWO,Ernest Cline,by Ernest Cline,,2021-01-10,Hardcover Fiction
30,Riverhead,THE VANISHING HALF,Brit Bennett,by Brit Bennett,,2021-01-10,Hardcover Fiction
13,Grand Central,THE RETURN,Nicholas Sparks,by Nicholas Sparks,,2021-01-10,Hardcover Fiction
5,"Little, Brown",DEADLY CROSS,James Patterson,by James Patterson,,2021-01-10,Hardcover Fiction
121,Putnam,WHERE THE CRAWDADS SING,Delia Owens,by Delia Owens,,2021-01-10,Hardcover Fiction
20,Scribner,IF IT BLEEDS,Stephen King,by Stephen King,,2021-01-10,Hardcover Fiction
6,Grand Central,DAYLIGHT,David Baldacci,by David Baldacci,,2021-01-10,Hardcover Fiction
9,Delacorte,THE SENTINEL,Lee Child and Andrew Child,by Lee Child and Andrew Child,,2021-01-10,Hardcover Fiction
15,Atria,ANXIOUS PEOPLE,Fredrik Backman,by Fredrik Backman,,2021-01-10,Hardcover Fiction
5,St. Martin's,THE AWAKENING,Nora Roberts,by Nora Roberts,,2021-01-10,Hardcover Fiction
7,"Little, Brown",THE LAW OF INNOCENCE,Michael Connelly,by Michael Connelly,,2021-01-10,Hardcover Fiction
10,Tor/Forge,THE INVISIBLE LIFE OF ADDIE LARUE,V.E. Schwab,by V.E. Schwab,,2021-01-10,Hardcover Fiction
8,Atria,FORTUNE AND GLORY,Janet Evanovich,by Janet Evanovich,,2021-01-10,Hardcover Fiction
12,Viking,THE EVENING AND THE MORNING,Ken Follett,by Ken Follett,,2021-01-10,Hardcover Fiction
10,Doubleday,A TIME FOR MERCY,John Grisham,by John Grisham,,2021-01-03,Hardcover Fiction
4,Ballantine,READY PLAYER TWO,Ernest Cline,by Ernest Cline,,2021-01-03,Hardcover Fiction
4,"Little, Brown",DEADLY CROSS,James Patterson,by James Patterson,,2021-01-03,Hardcover Fiction
12,Grand Central,THE RETURN,Nicholas Sparks,by Nicholas Sparks,,2021-01-03,Hardcover Fiction
29,Riverhead,THE VANISHING HALF,Brit Bennett,by Brit Bennett,,2021-01-03,Hardcover Fiction
120,Putnam,WHERE THE CRAWDADS SING,Delia Owens,by Delia Owens,,2021-01-03,Hardcover Fiction
5,Grand Central,DAYLIGHT,David Baldacci,by David Baldacci,,2021-01-03,Hardcover Fiction
8,Delacorte,THE SENTINEL,Lee Child and Andrew Child,by Lee Child and Andrew Child,,2021-01-03,Hardcover Fiction
4,St. Martin's,THE AWAKENING,Nora Roberts,by Nora Roberts,,2021-01-03,Hardcover Fiction
6,"Little, Brown",THE LAW OF INNOCENCE,Michael Connelly,by Michael Connelly,,2021-01-03,Hardcover Fiction
19,Scribner,IF IT BLEEDS,Stephen King,by Stephen King,,2021-01-03,Hardcover Fiction
7,Atria,FORTUNE AND GLORY,Janet Evanovich,by Janet Evanovich,,2021-01-03,Hardcover Fiction
4,Viking,THE MIDNIGHT LIBRARY,Matt Haig,by Matt Haig,,2021-01-03,Hardcover Fiction
9,Tor/Forge,THE INVISIBLE LIFE OF ADDIE LARUE,V.E. Schwab,by V.E. Schwab,,2021-01-03,Hardcover Fiction
11,Viking,THE EVENING AND THE MORNING,Ken Follett,by Ken Follett,,2021-01-03,Hardcover Fiction
3,Ballantine,READY PLAYER TWO,Ernest Cline,by Ernest Cline,,2020-12-27,Hardcover Fiction
9,Doubleday,A TIME FOR MERCY,John Grisham,by John Grisham,,2020-12-27,Hardcover Fiction
3,"Little, Brown",DEADLY CROSS,James Patterson,by James Patterson,,2020-12-27,Hardcover Fiction
11,Grand Central,THE RETURN,Nicholas Sparks,by Nicholas Sparks,,2020-12-27,Hardcover Fiction
28,Riverhead,THE VANISHING HALF,Brit Bennett,by Brit Bennett,,2020-12-27,Hardcover Fiction
4,Grand Central,DAYLIGHT,David Baldacci,by David Baldacci,,2020-12-27,Hardcover Fiction
119,Putnam,WHERE THE CRAWDADS SING,Delia Owens,by Delia Owens,,2020-12-27,Hardcover Fiction
5,"Little, Brown",THE LAW OF INNOCENCE,Michael Connelly,by Michael Connelly,,2020-12-27,Hardcover Fiction
3,St. Martin's,THE AWAKENING,Nora Roberts,by Nora Roberts,,2020-12-27,Hardcover Fiction
7,Delacorte,THE SENTINEL,Lee Child and Andrew Child,by Lee Child and Andrew Child,,2020-12-27,Hardcover Fiction
6,Atria,FORTUNE AND GLORY,Janet Evanovich,by Janet Evanovich,,2020-12-27,Hardcover Fiction
14,Atria,ANXIOUS PEOPLE,Fredrik Backman,by Fredrik Backman,,2020-12-27,Hardcover Fiction
3,Viking,THE MIDNIGHT LIBRARY,Matt Haig,by Matt Haig,,2020-12-27,Hardcover Fiction
1,Knopf,HAMNET,Maggie O'Farrell,by Maggie O'Farrell,,2020-12-27,Hardcover Fiction
10,Viking,THE EVENING AND THE MORNING,Ken Follett,by Ken Follett,,2020-12-27,Hardcover Fiction
2,Ballantine,READY PLAYER TWO,Ernest Cline,by Ernest Cline,,2020-12-20,Hardcover Fiction
8,Doubleday,A TIME FOR MERCY,John Grisham,by John Grisham,,2020-12-20,Hardcover Fiction
2,"Little, Brown",DEADLY CROSS,James Patterson,by James Patterson,,2020-12-20,Hardcover Fiction
10,Grand Central,THE RETURN,Nicholas Sparks,by Nicholas Sparks,,2020-12-20,Hardcover Fiction
3,Grand Central,DAYLIGHT,David Baldacci,by David Baldacci,,2020-12-20,Hardcover Fiction
27,Riverhead,THE VANISHING HALF,Brit Bennett,by Brit Bennett,,2020-12-20,Hardcover Fiction
4,"Little, Brown",THE LAW OF INNOCENCE,Michael Connelly,by Michael Connelly,,2020-12-20,Hardcover Fiction
6,Delacorte,THE SENTINEL,Lee Child and Andrew Child,by Lee Child and Andrew Child,,2020-12-20,Hardcover Fiction
2,St. Martin's,THE AWAKENING,Nora Roberts,by Nora Roberts,,2020-12-20,Hardcover Fiction
5,Atria,FORTUNE AND GLORY,Janet Evanovich,by Janet Evanovich,,2020-12-20,Hardcover Fiction
118,Putnam,WHERE THE CRAWDADS SING,Delia Owens,by Delia Owens,,2020-12-20,Hardcover Fiction
3,Tor,RHYTHM OF WAR,Brandon Sanderson,by Brandon Sanderson,,2020-12-20,Hardcover Fiction
13,Atria,ANXIOUS PEOPLE,Fredrik Backman,by Fredrik Backman,,2020-12-20,Hardcover Fiction
8,Tor/Forge,THE INVISIBLE LIFE OF ADDIE LARUE,V.E. Schwab,by V.E. Schwab,,2020-12-20,Hardcover Fiction
7,Viking,THE SEARCHER,Tana French,by Tana French,,2020-12-20,Hardcover Fiction
1,Ballantine,READY PLAYER TWO,Ernest Cline,by Ernest Cline,,2020-12-13,Hardcover Fiction
1,"Little, Brown",DEADLY CROSS,James Patterson,by James Patterson,,2020-12-13,Hardcover Fiction
9,Grand Central,THE RETURN,Nicholas Sparks,by Nicholas Sparks,,2020-12-13,Hardcover Fiction
7,Doubleday,A TIME FOR MERCY,John Grisham,by John Grisham,,2020-12-13,Hardcover Fiction
2,Grand Central,DAYLIGHT,David Baldacci,by David Baldacci,,2020-12-13,Hardcover Fiction
1,St. Martin's,THE AWAKENING,Nora Roberts,by Nora Roberts,,2020-12-13,Hardcover Fiction
3,"Little, Brown",THE LAW OF INNOCENCE,Michael Connelly,by Michael Connelly,,2020-12-13,Hardcover Fiction
2,Tor,RHYTHM OF WAR,Brandon Sanderson,by Brandon Sanderson,,2020-12-13,Hardcover Fiction
5,Delacorte,THE SENTINEL,Lee Child and Andrew Child,by Lee Child and Andrew Child,,2020-12-13,Hardcover Fiction
26,Riverhead,THE VANISHING HALF,Brit Bennett,by Brit Bennett,,2020-12-13,Hardcover Fiction
4,Atria,FORTUNE AND GLORY,Janet Evanovich,by Janet Evanovich,,2020-12-13,Hardcover Fiction
117,Putnam,WHERE THE CRAWDADS SING,Delia Owens,by Delia Owens,,2020-12-13,Hardcover Fiction
12,Atria,ANXIOUS PEOPLE,Fredrik Backman,by Fredrik Backman,,2020-12-13,Hardcover Fiction
7,Tor/Forge,THE INVISIBLE LIFE OF ADDIE LARUE,V.E. Schwab,by V.E. Schwab,,2020-12-13,Hardcover Fiction
2,Delacorte,ALL THAT GLITTERS,Danielle Steel,by Danielle Steel,,2020-12-13,Hardcover Fiction
1,Tor,RHYTHM OF WAR,Brandon Sanderson,by Brandon Sanderson,,2020-12-06,Hardcover Fiction
1,Grand Central,DAYLIGHT,David Baldacci,by David Baldacci,,2020-12-06,Hardcover Fiction
6,Doubleday,A TIME FOR MERCY,John Grisham,by John Grisham,,2020-12-06,Hardcover Fiction
2,"Little, Brown",THE LAW OF INNOCENCE,Michael Connelly,by Michael Connelly,,2020-12-06,Hardcover Fiction
8,Grand Central,THE RETURN,Nicholas Sparks,by Nicholas Sparks,,2020-12-06,Hardcover Fiction
1,Delacorte,ALL THAT GLITTERS,Danielle Steel,by Danielle Steel,,2020-12-06,Hardcover Fiction
4,Delacorte,THE SENTINEL,Lee Child and Andrew Child,by Lee Child and Andrew Child,,2020-12-06,Hardcover Fiction
3,Atria,FORTUNE AND GLORY,Janet Evanovich,by Janet Evanovich,,2020-12-06,Hardcover Fiction
1,Putnam,TOM CLANCY: SHADOW OF THE DRAGON,Marc Cameron,by Marc Cameron,,2020-12-06,Hardcover Fiction
1,Simon & Schuster,PIECE OF MY HEART,Mary Higgins Clark and Alafair Burke,by Mary Higgins Clark and Alafair Burke,,2020-12-06,Hardcover Fiction
2,Simon & Schuster,I WOULD LEAVE ME IF I COULD,Halsey,by Halsey,,2020-12-06,Hardcover Fiction
25,Riverhead,THE VANISHING HALF,Brit Bennett,by Brit Bennett,,2020-12-06,Hardcover Fiction
116,Putnam,WHERE THE CRAWDADS SING,Delia Owens,by Delia Owens,,2020-12-06,Hardcover Fiction
11,Atria,ANXIOUS PEOPLE,Fredrik Backman,by Fredrik Backman,,2020-12-06,Hardcover Fiction
2,Putnam,MARAUDER,Clive Cussler and Boyd Morrison,by Clive Cussler and Boyd Morrison,,2020-12-06,Hardcover Fiction
1,"Little, Brown",THE LAW OF INNOCENCE,Michael Connelly,by Michael Connelly,,2020-11-29,Hardcover Fiction
1,Simon & Schuster,I WOULD LEAVE ME IF I COULD,Halsey,by Halsey,,2020-11-29,Hardcover Fiction
5,Doubleday,A TIME FOR MERCY,John Grisham,by John Grisham,,2020-11-29,Hardcover Fiction
7,Grand Central,THE RETURN,Nicholas Sparks,by Nicholas Sparks,,2020-11-29,Hardcover Fiction
3,Delacorte,THE SENTINEL,Lee Child and Andrew Child,by Lee Child and Andrew Child,,2020-11-29,Hardcover Fiction
2,Atria,FORTUNE AND GLORY,Janet Evanovich,by Janet Evanovich,,2020-11-29,Hardcover Fiction
1,Putnam,MARAUDER,Clive Cussler and Boyd Morrison,by Clive Cussler and Boyd Morrison,,2020-11-29,Hardcover Fiction
1,Harper,MOONFLOWER MURDERS,Anthony Horowitz,by Anthony Horowitz,,2020-11-29,Hardcover Fiction
10,Atria,ANXIOUS PEOPLE,Fredrik Backman,by Fredrik Backman,,2020-11-29,Hardcover Fiction
115,Putnam,WHERE THE CRAWDADS SING,Delia Owens,by Delia Owens,,2020-11-29,Hardcover Fiction
24,Riverhead,THE VANISHING HALF,Brit Bennett,by Brit Bennett,,2020-11-29,Hardcover Fiction
8,Ballantine,THE BOOK OF TWO WAYS,Jodi Picoult,by Jodi Picoult,,2020-11-29,Hardcover Fiction
6,Tor/Forge,THE INVISIBLE LIFE OF ADDIE LARUE,V.E. Schwab,by V.E. Schwab,,2020-11-29,Hardcover Fiction
9,Viking,THE EVENING AND THE MORNING,Ken Follett,by Ken Follett,,2020-11-29,Hardcover Fiction
6,Viking,THE SEARCHER,Tana French,by Tana French,,2020-11-29,Hardcover Fiction
1,Atria,FORTUNE AND GLORY,Janet Evanovich,by Janet Evanovich,,2020-11-22,Hardcover Fiction
4,Doubleday,A TIME FOR MERCY,John Grisham,by John Grisham,,2020-11-22,Hardcover Fiction
2,Delacorte,THE SENTINEL,Lee Child and Andrew Child,by Lee Child and Andrew Child,,2020-11-22,Hardcover Fiction
6,Grand Central,THE RETURN,Nicholas Sparks,by Nicholas Sparks,,2020-11-22,Hardcover Fiction
5,Tor/Forge,THE INVISIBLE LIFE OF ADDIE LARUE,V.E. Schwab,by V.E. Schwab,,2020-11-22,Hardcover Fiction
2,"Little, Brown",THREE WOMEN DISAPPEAR,James Patterson and Shan Serafin,by James Patterson and Shan Serafin,,2020-11-22,Hardcover Fiction
23,Riverhead,THE VANISHING HALF,Brit Bennett,by Brit Bennett,,2020-11-22,Hardcover Fiction
8,Viking,THE EVENING AND THE MORNING,Ken Follett,by Ken Follett,,2020-11-22,Hardcover Fiction
2,Random House,THE WONDER BOY OF WHISTLE STOP,Fannie Flagg,by Fannie Flagg,,2020-11-22,Hardcover Fiction
7,Ballantine,THE BOOK OF TWO WAYS,Jodi Picoult,by Jodi Picoult,,2020-11-22,Hardcover Fiction
114,Putnam,WHERE THE CRAWDADS SING,Delia Owens,by Delia Owens,,2020-11-22,Hardcover Fiction
9,Atria,ANXIOUS PEOPLE,Fredrik Backman,by Fredrik Backman,,2020-11-22,Hardcover Fiction
1,Simon & Schuster,WHITE IVY,Susie Yang,by Susie Yang,,2020-11-22,Hardcover Fiction
5,Viking,THE SEARCHER,Tana French,by Tana French,,2020-11-22,Hardcover Fiction
5,Ecco,LEAVE THE WORLD BEHIND,Rumaan Alam,by Rumaan Alam,,2020-11-22,Hardcover Fiction
1,Delacorte,THE SENTINEL,Lee Child and Andrew Child,by Lee Child and Andrew Child,,2020-11-15,Hardcover Fiction
3,Doubleday,A TIME FOR MERCY,John Grisham,by John Grisham,,2020-11-15,Hardcover Fiction
5,Grand Central,THE RETURN,Nicholas Sparks,by Nicholas Sparks,,2020-11-15,Hardcover Fiction
1,"Little, Brown",THREE WOMEN DISAPPEAR,James Patterson and Shan Serafin,by James Patterson and Shan Serafin,,2020-11-15,Hardcover Fiction
1,Random House,THE WONDER BOY OF WHISTLE STOP,Fannie Flagg,by Fannie Flagg,,2020-11-15,Hardcover Fiction
4,Tor/Forge,THE INVISIBLE LIFE OF ADDIE LARUE,V.E. Schwab,by V.E. Schwab,,2020-11-15,Hardcover Fiction
1,Gallery,THE NOEL LETTERS,Richard Paul Evans,by Richard Paul Evans,,2020-11-15,Hardcover Fiction
1,Atria,"TRULY, MADLY, DEEPLY",Karen Kingsbury,by Karen Kingsbury,,2020-11-15,Hardcover Fiction
7,Viking,THE EVENING AND THE MORNING,Ken Follett,by Ken Follett,,2020-11-15,Hardcover Fiction
4,Viking,THE SEARCHER,Tana French,by Tana French,,2020-11-15,Hardcover Fiction
6,Ballantine,THE BOOK OF TWO WAYS,Jodi Picoult,by Jodi Picoult,,2020-11-15,Hardcover Fiction
4,Ecco,LEAVE THE WORLD BEHIND,Rumaan Alam,by Rumaan Alam,,2020-11-15,Hardcover Fiction
22,Riverhead,THE VANISHING HALF,Brit Bennett,by Brit Bennett,,2020-11-15,Hardcover Fiction
8,Atria,ANXIOUS PEOPLE,Fredrik Backman,by Fredrik Backman,,2020-11-15,Hardcover Fiction
113,Putnam,WHERE THE CRAWDADS SING,Delia Owens,by Delia Owens,,2020-11-15,Hardcover Fiction
2,Doubleday,A TIME FOR MERCY,John Grisham,by John Grisham,,2020-11-08,Hardcover Fiction
4,Grand Central,THE RETURN,Nicholas Sparks,by Nicholas Sparks,,2020-11-08,Hardcover Fiction
3,Viking,THE SEARCHER,Tana French,by Tana French,,2020-11-08,Hardcover Fiction
3,Tor/Forge,THE INVISIBLE LIFE OF ADDIE LARUE,V.E. Schwab,by V.E. Schwab,,2020-11-08,Hardcover Fiction
6,Viking,THE EVENING AND THE MORNING,Ken Follett,by Ken Follett,,2020-11-08,Hardcover Fiction
5,Ballantine,THE BOOK OF TWO WAYS,Jodi Picoult,by Jodi Picoult,,2020-11-08,Hardcover Fiction
7,Atria,ANXIOUS PEOPLE,Fredrik Backman,by Fredrik Backman,,2020-11-08,Hardcover Fiction
21,Riverhead,THE VANISHING HALF,Brit Bennett,by Brit Bennett,,2020-11-08,Hardcover Fiction
3,Ecco,LEAVE THE WORLD BEHIND,Rumaan Alam,by Rumaan Alam,,2020-11-08,Hardcover Fiction
3,"Little, Brown",TROUBLES IN PARADISE,Elin Hilderbrand,by Elin Hilderbrand,,2020-11-08,Hardcover Fiction
112,Putnam,WHERE THE CRAWDADS SING,Delia Owens,by Delia Owens,,2020-11-08,Hardcover Fiction
2,Viking,THE MIDNIGHT LIBRARY,Matt Haig,by Matt Haig,,2020-11-08,Hardcover Fiction
20,Morrow,THE GUEST LIST,Lucy Foley,by Lucy Foley,,2020-11-08,Hardcover Fiction
1,Scribner,THE SILENCE,Don DeLillo,by Don DeLillo,,2020-11-08,Hardcover Fiction
1,Del Rey,THE LAST DRUID,Terry Brooks,by Terry Brooks,,2020-11-08,Hardcover Fiction
1,Doubleday,A TIME FOR MERCY,John Grisham,by John Grisham,,2020-11-01,Hardcover Fiction
3,Grand Central,THE RETURN,Nicholas Sparks,by Nicholas Sparks,,2020-11-01,Hardcover Fiction
2,Viking,THE SEARCHER,Tana French,by Tana French,,2020-11-01,Hardcover Fiction
5,Viking,THE EVENING AND THE MORNING,Ken Follett,by Ken Follett,,2020-11-01,Hardcover Fiction
2,Tor/Forge,THE INVISIBLE LIFE OF ADDIE LARUE,V.E. Schwab,by V.E. Schwab,,2020-11-01,Hardcover Fiction
4,Ballantine,THE BOOK OF TWO WAYS,Jodi Picoult,by Jodi Picoult,,2020-11-01,Hardcover Fiction
2,Ecco,LEAVE THE WORLD BEHIND,Rumaan Alam,by Rumaan Alam,,2020-11-01,Hardcover Fiction
2,"Little, Brown",TROUBLES IN PARADISE,Elin Hilderbrand,by Elin Hilderbrand,,2020-11-01,Hardcover Fiction
20,Riverhead,THE VANISHING HALF,Brit Bennett,by Brit Bennett,,2020-11-01,Hardcover Fiction
1,Ballantine,JINGLE ALL THE WAY,Debbie Macomber,by Debbie Macomber,,2020-11-01,Hardcover Fiction
111,Putnam,WHERE THE CRAWDADS SING,Delia Owens,by Delia Owens,,2020-11-01,Hardcover Fiction
1,Atria,INVISIBLE GIRL,Lisa Jewell,by Lisa Jewell,,2020-11-01,Hardcover Fiction
4,"Little, Brown",THE COAST-TO-COAST MURDERS,James Patterson and JD Barker,by James Patterson and J.D. Barker,,2020-11-01,Hardcover Fiction
6,Atria,ANXIOUS PEOPLE,Fredrik Backman,by Fredrik Backman,,2020-11-01,Hardcover Fiction
19,Morrow,THE GUEST LIST,Lucy Foley,by Lucy Foley,,2020-11-01,Hardcover Fiction
2,Grand Central,THE RETURN,Nicholas Sparks,by Nicholas Sparks,,2020-10-25,Hardcover Fiction
1,"Little, Brown",TROUBLES IN PARADISE,Elin Hilderbrand,by Elin Hilderbrand,,2020-10-25,Hardcover Fiction
1,Ecco,LEAVE THE WORLD BEHIND,Rumaan Alam,by Rumaan Alam,,2020-10-25,Hardcover Fiction
1,Tor/Forge,THE INVISIBLE LIFE OF ADDIE LARUE,V.E. Schwab,by V.E. Schwab,,2020-10-25,Hardcover Fiction
1,Viking,THE SEARCHER,Tana French,by Tana French,,2020-10-25,Hardcover Fiction
1,Simon & Schuster,MAGIC LESSONS,Alice Hoffman,by Alice Hoffman,,2020-10-25,Hardcover Fiction
4,Viking,THE EVENING AND THE MORNING,Ken Follett,by Ken Follett,,2020-10-25,Hardcover Fiction
3,Ballantine,THE BOOK OF TWO WAYS,Jodi Picoult,by Jodi Picoult,,2020-10-25,Hardcover Fiction
5,Atria,ANXIOUS PEOPLE,Fredrik Backman,by Fredrik Backman,,2020-10-25,Hardcover Fiction
19,Riverhead,THE VANISHING HALF,Brit Bennett,by Brit Bennett,,2020-10-25,Hardcover Fiction
3,"Little, Brown",THE COAST-TO-COAST MURDERS,James Patterson and JD Barker,by James Patterson and J.D. Barker,,2020-10-25,Hardcover Fiction
110,Putnam,WHERE THE CRAWDADS SING,Delia Owens,by Delia Owens,,2020-10-25,Hardcover Fiction
18,Morrow,THE GUEST LIST,Lucy Foley,by Lucy Foley,,2020-10-25,Hardcover Fiction
5,Gallery/Scout,ONE BY ONE,Ruth Ware,by Ruth Ware,,2020-10-25,Hardcover Fiction
4,Emily Bestler/Atria,VINCE FLYNN: TOTAL POWER,Kyle Mills,by Kyle Mills,,2020-10-25,Hardcover Fiction
1,Grand Central,THE RETURN,Nicholas Sparks,by Nicholas Sparks,,2020-10-18,Hardcover Fiction
1,Ace,BATTLE GROUND,Jim Butcher,by Jim Butcher,,2020-10-18,Hardcover Fiction
1,Simon & Schuster,VIOLET BENT BACKWARDS OVER THE GRASS,Lana Del Rey,by Lana Del Rey,,2020-10-18,Hardcover Fiction
3,Viking,THE EVENING AND THE MORNING,Ken Follett,by Ken Follett,,2020-10-18,Hardcover Fiction
2,Ballantine,THE BOOK OF TWO WAYS,Jodi Picoult,by Jodi Picoult,,2020-10-18,Hardcover Fiction
2,"Little, Brown",THE COAST-TO-COAST MURDERS,James Patterson and JD Barker,by James Patterson and J.D. Barker,,2020-10-18,Hardcover Fiction
18,Riverhead,THE VANISHING HALF,Brit Bennett,by Brit Bennett,,2020-10-18,Hardcover Fiction
4,Atria,ANXIOUS PEOPLE,Fredrik Backman,by Fredrik Backman,,2020-10-18,Hardcover Fiction
3,Emily Bestler/Atria,VINCE FLYNN: TOTAL POWER,Kyle Mills,by Kyle Mills,,2020-10-18,Hardcover Fiction
1,"Farrar, Straus & Giroux",JACK,Marilynne Robinson,by Marilynne Robinson,,2020-10-18,Hardcover Fiction
109,Putnam,WHERE THE CRAWDADS SING,Delia Owens,by Delia Owens,,2020-10-18,Hardcover Fiction
1,Del Rey,A DEADLY EDUCATION,Naomi Novik,by Naomi Novik,,2020-10-18,Hardcover Fiction
1,Viking,THE MIDNIGHT LIBRARY,Matt Haig,by Matt Haig,,2020-10-18,Hardcover Fiction
5,FrontLine,THE HARBINGER II,Jonathan Cahn,by Jonathan Cahn,,2020-10-18,Hardcover Fiction
4,Gallery/Scout,ONE BY ONE,Ruth Ware,by Ruth Ware,,2020-10-18,Hardcover Fiction
1,Ballantine,THE BOOK OF TWO WAYS,Jodi Picoult,by Jodi Picoult,,2020-10-11,Hardcover Fiction
2,Viking,THE EVENING AND THE MORNING,Ken Follett,by Ken Follett,,2020-10-11,Hardcover Fiction
1,"Little, Brown",THE COAST-TO-COAST MURDERS,James Patterson and JD Barker,by James Patterson and J.D. Barker,,2020-10-11,Hardcover Fiction
2,Emily Bestler/Atria,VINCE FLYNN: TOTAL POWER,Kyle Mills,by Kyle Mills,,2020-10-11,Hardcover Fiction
1,Viking,NEXT TO LAST STAND,Craig Johnson,by Craig Johnson,,2020-10-11,Hardcover Fiction
17,Riverhead,THE VANISHING HALF,Brit Bennett,by Brit Bennett,,2020-10-11,Hardcover Fiction
108,Putnam,WHERE THE CRAWDADS SING,Delia Owens,by Delia Owens,,2020-10-11,Hardcover Fiction
3,Gallery/Scout,ONE BY ONE,Ruth Ware,by Ruth Ware,,2020-10-11,Hardcover Fiction
2,Mulholland,TROUBLED BLOOD,Robert Galbraith,by Robert Galbraith,,2020-10-11,Hardcover Fiction
4,FrontLine,THE HARBINGER II,Jonathan Cahn,by Jonathan Cahn,,2020-10-11,Hardcover Fiction
4,Minotaur,ALL THE DEVILS ARE HERE,Louise Penny,by Louise Penny,,2020-10-11,Hardcover Fiction
3,Atria,ANXIOUS PEOPLE,Fredrik Backman,by Fredrik Backman,,2020-10-11,Hardcover Fiction
2,Tor,TO SLEEP IN A SEA OF STARS,Christopher Paolini,by Christopher Paolini,,2020-10-11,Hardcover Fiction
3,St. Martin's,SHADOWS IN DEATH,J.D. Robb,by J.D. Robb,,2020-10-11,Hardcover Fiction
17,Morrow,THE GUEST LIST,Lucy Foley,by Lucy Foley,,2020-10-11,Hardcover Fiction
1,Viking,THE EVENING AND THE MORNING,Ken Follett,by Ken Follett,,2020-10-04,Hardcover Fiction
1,Mulholland,TROUBLED BLOOD,Robert Galbraith,by Robert Galbraith,,2020-10-04,Hardcover Fiction
1,Emily Bestler /Atria,VINCE FLYNN: TOTAL POWER,Kyle Mills,by Kyle Mills,,2020-10-04,Hardcover Fiction
1,Tor,TO SLEEP IN A SEA OF STARS,Christopher Paolini,by Christopher Paolini,,2020-10-04,Hardcover Fiction
16,Riverhead,THE VANISHING HALF,Brit Bennett,by Brit Bennett,,2020-10-04,Hardcover Fiction
107,Putnam,WHERE THE CRAWDADS SING,Delia Owens,by Delia Owens,,2020-10-04,Hardcover Fiction
3,FrontLine,THE HARBINGER II,Jonathan Cahn,by Jonathan Cahn,,2020-10-04,Hardcover Fiction
2,St. Martin's,SHADOWS IN DEATH,J.D. Robb,by J.D. Robb,,2020-10-04,Hardcover Fiction
1,Bloomsbury,PIRANESI,Susanna Clarke,by Susanna Clarke,,2020-10-04,Hardcover Fiction
2,Gallery/Scout,ONE BY ONE,Ruth Ware,by Ruth Ware,,2020-10-04,Hardcover Fiction
3,Minotaur,ALL THE DEVILS ARE HERE,Louise Penny,by Louise Penny,,2020-10-04,Hardcover Fiction
2,Atria,ANXIOUS PEOPLE,Fredrik Backman,by Fredrik Backman,,2020-10-04,Hardcover Fiction
3,Knopf,TRANSCENDENT KINGDOM,Yaa Gyasi,by Yaa Gyasi,,2020-10-04,Hardcover Fiction
1,Dutton,FIFTY WORDS FOR RAIN,Asha Lemmie,by Asha Lemmie,,2020-10-04,Hardcover Fiction
16,Morrow,THE GUEST LIST,Lucy Foley,by Lucy Foley,,2020-10-04,Hardcover Fiction
1,Atria,ANXIOUS PEOPLE,Fredrik Backman,by Fredrik Backman,,2020-09-27,Hardcover Fiction
1,St. Martin's,SHADOWS IN DEATH,J.D. Robb,by J.D. Robb,,2020-09-27,Hardcover Fiction
1,Gallery/Scout,ONE BY ONE,Ruth Ware,by Ruth Ware,,2020-09-27,Hardcover Fiction
2,Minotaur,ALL THE DEVILS ARE HERE,Louise Penny,by Louise Penny,,2020-09-27,Hardcover Fiction
15,Riverhead,THE VANISHING HALF,Brit Bennett,by Brit Bennett,,2020-09-27,Hardcover Fiction
2,Knopf,TRANSCENDENT KINGDOM,Yaa Gyasi,by Yaa Gyasi,,2020-09-27,Hardcover Fiction
2,FrontLine,THE HARBINGER II,Jonathan Cahn,by Jonathan Cahn,,2020-09-27,Hardcover Fiction
106,Putnam,WHERE THE CRAWDADS SING,Delia Owens,by Delia Owens,,2020-09-27,Hardcover Fiction
2,Europa Editions,THE LYING LIFE OF ADULTS,Elena Ferrante,by Elena Ferrante,,2020-09-27,Hardcover Fiction
3,Knopf,SQUEEZE ME,Carl Hiaasen,by Carl Hiaasen,,2020-09-27,Hardcover Fiction
3,Grand Central,THICK AS THIEVES,Sandra Brown,by Sandra Brown,,2020-09-27,Hardcover Fiction
15,Morrow,THE GUEST LIST,Lucy Foley,by Lucy Foley,,2020-09-27,Hardcover Fiction
34,Flatiron,AMERICAN DIRT,Jeanine Cummins,by Jeanine Cummins,,2020-09-27,Hardcover Fiction
1,Minotaur,THE DARKEST EVENING,Ann Cleeves,by Ann Cleeves,,2020-09-27,Hardcover Fiction
4,Delacorte,ROYAL,Danielle Steel,by Danielle Steel,,2020-09-27,Hardcover Fiction
1,Minotaur,ALL THE DEVILS ARE HERE,Louise Penny,by Louise Penny,,2020-09-20,Hardcover Fiction
1,Europa Editions,THE LYING LIFE OF ADULTS,Elena Ferrante,by Elena Ferrante,,2020-09-20,Hardcover Fiction
1,Knopf,TRANSCENDENT KINGDOM,Yaa Gyasi,by Yaa Gyasi,,2020-09-20,Hardcover Fiction
14,Riverhead,THE VANISHING HALF,Brit Bennett,by Brit Bennett,,2020-09-20,Hardcover Fiction
1,FrontLine,THE HARBINGER II,Jonathan Cahn,by Jonathan Cahn,,2020-09-20,Hardcover Fiction
105,Putnam,WHERE THE CRAWDADS SING,Delia Owens,by Delia Owens,,2020-09-20,Hardcover Fiction
2,Knopf,SQUEEZE ME,Carl Hiaasen,by Carl Hiaasen,,2020-09-20,Hardcover Fiction
14,Morrow,THE GUEST LIST,Lucy Foley,by Lucy Foley,,2020-09-20,Hardcover Fiction
1,Del Rey,THRAWN ASCENDANCY: CHAOS RISING,Timothy Zahn,by Timothy Zahn,,2020-09-20,Hardcover Fiction
2,Grand Central,THICK AS THIEVES,Sandra Brown,by Sandra Brown,,2020-09-20,Hardcover Fiction
3,Delacorte,ROYAL,Danielle Steel,by Danielle Steel,,2020-09-20,Hardcover Fiction
33,Flatiron,AMERICAN DIRT,Jeanine Cummins,by Jeanine Cummins,,2020-09-20,Hardcover Fiction
1,Park Row,THE LAST STORY OF MINA LEE,Nancy Jooyoun Kim,by Nancy Jooyoun Kim,,2020-09-20,Hardcover Fiction
9,Del Rey,MEXICAN GOTHIC,Silvia Moreno-Garcia,by Silvia Moreno-Garcia,,2020-09-20,Hardcover Fiction
1,Berkley,DARK SONG,Christine Feehan,by Christine Feehan,,2020-09-20,Hardcover Fiction
104,Putnam,WHERE THE CRAWDADS SING,Delia Owens,by Delia Owens,,2020-09-13,Hardcover Fiction
13,Riverhead,THE VANISHING HALF,Brit Bennett,by Brit Bennett,,2020-09-13,Hardcover Fiction
1,Grand Central,THICK AS THIEVES,Sandra Brown,by Sandra Brown,,2020-09-13,Hardcover Fiction
1,Knopf,SQUEEZE ME,Carl Hiaasen,by Carl Hiaasen,,2020-09-13,Hardcover Fiction
2,Delacorte,ROYAL,Danielle Steel,by Danielle Steel,,2020-09-13,Hardcover Fiction
13,Morrow,THE GUEST LIST,Lucy Foley,by Lucy Foley,,2020-09-13,Hardcover Fiction
32,Flatiron,AMERICAN DIRT,Jeanine Cummins,by Jeanine Cummins,,2020-09-13,Hardcover Fiction
11,"Little, Brown",28 SUMMERS,Elin Hilderbrand,by Elin Hilderbrand,,2020-09-13,Hardcover Fiction
5,"Little, Brown",1ST CASE,James Patterson and Chris Tebbetts,by James Patterson and Chris Tebbetts,,2020-09-13,Hardcover Fiction
1,Custom House,THE EXILES,Christina Baker Kline,by Christina Baker Kline,,2020-09-13,Hardcover Fiction
56,Celadon,THE SILENT PATIENT,Alex Michaelides,by Alex Michaelides,,2020-09-13,Hardcover Fiction
8,Del Rey,MEXICAN GOTHIC,Silvia Moreno-Garcia,by Silvia Moreno-Garcia,,2020-09-13,Hardcover Fiction
7,Harper,THE ORDER,Daniel Silva,by Daniel Silva,,2020-09-13,Hardcover Fiction
6,Emily Bestler/Atria,NEAR DARK,Brad Thor,by Brad Thor,,2020-09-13,Hardcover Fiction
18,Scribner,IF IT BLEEDS,Stephen King,by Stephen King,,2020-09-13,Hardcover Fiction
103,Putnam,WHERE THE CRAWDADS SING,Delia Owens,by Delia Owens,,2020-09-06,Hardcover Fiction
1,Delacorte,ROYAL,Danielle Steel,by Danielle Steel,,2020-09-06,Hardcover Fiction
12,Riverhead,THE VANISHING HALF,Brit Bennett,by Brit Bennett,,2020-09-06,Hardcover Fiction
12,Morrow,THE GUEST LIST,Lucy Foley,by Lucy Foley,,2020-09-06,Hardcover Fiction
10,"Little, Brown",28 SUMMERS,Elin Hilderbrand,by Elin Hilderbrand,,2020-09-06,Hardcover Fiction
6,Harper,THE ORDER,Daniel Silva,by Daniel Silva,,2020-09-06,Hardcover Fiction
31,Flatiron,AMERICAN DIRT,Jeanine Cummins,by Jeanine Cummins,,2020-09-06,Hardcover Fiction
1,Gallery,THE JACKAL,JR Ward,by J.R. Ward,,2020-09-06,Hardcover Fiction
4,"Little, Brown",1ST CASE,James Patterson and Chris Tebbetts,by James Patterson and Chris Tebbetts,,2020-09-06,Hardcover Fiction
7,Del Rey,MEXICAN GOTHIC,Silvia Moreno-Garcia,by Silvia Moreno-Garcia,,2020-09-06,Hardcover Fiction
55,Celadon,THE SILENT PATIENT,Alex Michaelides,by Alex Michaelides,,2020-09-06,Hardcover Fiction
5,Emily Bestler/Atria,NEAR DARK,Brad Thor,by Brad Thor,,2020-09-06,Hardcover Fiction
17,Doubleday,CAMINO WINDS,John Grisham,by John Grisham,,2020-09-06,Hardcover Fiction
1,Dutton,THE LIONS OF FIFTH AVENUE,Fiona Davis,by Fiona Davis,,2020-09-06,Hardcover Fiction
17,Scribner,IF IT BLEEDS,Stephen King,by Stephen King,,2020-09-06,Hardcover Fiction
102,Putnam,WHERE THE CRAWDADS SING,Delia Owens,by Delia Owens,,2020-08-30,Hardcover Fiction
11,Riverhead,THE VANISHING HALF,Brit Bennett,by Brit Bennett,,2020-08-30,Hardcover Fiction
1,Simon & Schuster,A PRIVATE CATHEDRAL,James Lee Burke,by James Lee Burke,,2020-08-30,Hardcover Fiction
3,"Little, Brown",1ST CASE,James Patterson and Chris Tebbetts,by James Patterson and Chris Tebbetts,,2020-08-30,Hardcover Fiction
5,Harper,THE ORDER,Daniel Silva,by Daniel Silva,,2020-08-30,Hardcover Fiction
1,Putnam,CHOPPY WATER,Stuart Woods,by Stuart Woods,,2020-08-30,Hardcover Fiction
9,"Little, Brown",28 SUMMERS,Elin Hilderbrand,by Elin Hilderbrand,,2020-08-30,Hardcover Fiction
11,Morrow,THE GUEST LIST,Lucy Foley,by Lucy Foley,,2020-08-30,Hardcover Fiction
4,Emily Bestler/Atria,NEAR DARK,Brad Thor,by Brad Thor,,2020-08-30,Hardcover Fiction
30,Flatiron,AMERICAN DIRT,Jeanine Cummins,by Jeanine Cummins,,2020-08-30,Hardcover Fiction
6,Del Rey,MEXICAN GOTHIC,Silvia Moreno-Garcia,by Silvia Moreno-Garcia,,2020-08-30,Hardcover Fiction
16,Doubleday,CAMINO WINDS,John Grisham,by John Grisham,,2020-08-30,Hardcover Fiction
54,Celadon,THE SILENT PATIENT,Alex Michaelides,by Alex Michaelides,,2020-08-30,Hardcover Fiction
16,Scribner,IF IT BLEEDS,Stephen King,by Stephen King,,2020-08-30,Hardcover Fiction
2,"Farrar, Straus & Giroux",LUSTER,Raven Leilani,by Raven Leilani,,2020-08-30,Hardcover Fiction
101,Putnam,WHERE THE CRAWDADS SING,Delia Owens,by Delia Owens,,2020-08-23,Hardcover Fiction
10,Riverhead,THE VANISHING HALF,Brit Bennett,by Brit Bennett,,2020-08-23,Hardcover Fiction
2,"Little, Brown",1ST CASE,James Patterson and Chris Tebbetts,by James Patterson and Chris Tebbetts,,2020-08-23,Hardcover Fiction
4,Harper,THE ORDER,Daniel Silva,by Daniel Silva,,2020-08-23,Hardcover Fiction
10,Morrow,THE GUEST LIST,Lucy Foley,by Lucy Foley,,2020-08-23,Hardcover Fiction
3,Emily Bestler/Atria,NEAR DARK,Brad Thor,by Brad Thor,,2020-08-23,Hardcover Fiction
1,Berkley,SUCKER PUNCH,Laurell K Hamilton,by Laurell K. Hamilton,,2020-08-23,Hardcover Fiction
8,"Little, Brown",28 SUMMERS,Elin Hilderbrand,by Elin Hilderbrand,,2020-08-23,Hardcover Fiction
1,Tor.com,HARROW THE NINTH,Tamsyn Muir,by Tamsyn Muir,,2020-08-23,Hardcover Fiction
1,Morrow,THE SILENT WIFE,Karin Slaughter,by Karin Slaughter,,2020-08-23,Hardcover Fiction
29,Flatiron,AMERICAN DIRT,Jeanine Cummins,by Jeanine Cummins,,2020-08-23,Hardcover Fiction
1,"Farrar, Straus & Giroux",LUSTER,Raven Leilani,by Raven Leilani,,2020-08-23,Hardcover Fiction
5,Del Rey,MEXICAN GOTHIC,Silvia Moreno-Garcia,by Silvia Moreno-Garcia,,2020-08-23,Hardcover Fiction
15,Doubleday,CAMINO WINDS,John Grisham,by John Grisham,,2020-08-23,Hardcover Fiction
1,Riverhead,THE DEATH OF VIVEK OJI,Akwaeke Emezi,by Akwaeke Emezi,,2020-08-23,Hardcover Fiction
100,Putnam,WHERE THE CRAWDADS SING,Delia Owens,by Delia Owens,,2020-08-16,Hardcover Fiction
9,Riverhead,THE VANISHING HALF,Brit Bennett,by Brit Bennett,,2020-08-16,Hardcover Fiction
1,"Little, Brown",1ST CASE,James Patterson and Chris Tebbetts,by James Patterson and Chris Tebbetts,,2020-08-16,Hardcover Fiction
3,Harper,THE ORDER,Daniel Silva,by Daniel Silva,,2020-08-16,Hardcover Fiction
2,Emily Bestler/Atria,NEAR DARK,Brad Thor,by Brad Thor,,2020-08-16,Hardcover Fiction
7,"Little, Brown",28 SUMMERS,Elin Hilderbrand,by Elin Hilderbrand,,2020-08-16,Hardcover Fiction
9,Morrow,THE GUEST LIST,Lucy Foley,by Lucy Foley,,2020-08-16,Hardcover Fiction
1,Gallery,DEADLOCK,Catherine Coulter,by Catherine Coulter,,2020-08-16,Hardcover Fiction
4,Del Rey,MEXICAN GOTHIC,Silvia Moreno-Garcia,by Silvia Moreno-Garcia,,2020-08-16,Hardcover Fiction
14,Doubleday,CAMINO WINDS,John Grisham,by John Grisham,,2020-08-16,Hardcover Fiction
28,Flatiron,AMERICAN DIRT,Jeanine Cummins,by Jeanine Cummins,,2020-08-16,Hardcover Fiction
1,Pamela Dorman,THE END OF HER,Shari Lapena,by Shari Lapena,,2020-08-16,Hardcover Fiction
15,Scribner,IF IT BLEEDS,Stephen King,by Stephen King,,2020-08-16,Hardcover Fiction
53,Celadon,THE SILENT PATIENT,Alex Michaelides,by Alex Michaelides,,2020-08-16,Hardcover Fiction
5,Doubleday,SEX AND VANITY,Kevin Kwan,by Kevin Kwan,,2020-08-16,Hardcover Fiction
99,Putnam,WHERE THE CRAWDADS SING,Delia Owens,by Delia Owens,,2020-08-09,Hardcover Fiction
1,Emily Bestler/Atria,NEAR DARK,Brad Thor,by Brad Thor,,2020-08-09,Hardcover Fiction
2,Harper,THE ORDER,Daniel Silva,by Daniel Silva,,2020-08-09,Hardcover Fiction
8,Riverhead,THE VANISHING HALF,Brit Bennett,by Brit Bennett,,2020-08-09,Hardcover Fiction
6,"Little, Brown",28 SUMMERS,Elin Hilderbrand,by Elin Hilderbrand,,2020-08-09,Hardcover Fiction
8,Morrow,THE GUEST LIST,Lucy Foley,by Lucy Foley,,2020-08-09,Hardcover Fiction
1,St. Martin's,AXIOM'S END,Lindsay Ellis,by Lindsay Ellis,,2020-08-09,Hardcover Fiction
13,Doubleday,CAMINO WINDS,John Grisham,by John Grisham,,2020-08-09,Hardcover Fiction
2,Ace,PEACE TALKS,Jim Butcher,by Jim Butcher,,2020-08-09,Hardcover Fiction
27,Flatiron,AMERICAN DIRT,Jeanine Cummins,by Jeanine Cummins,,2020-08-09,Hardcover Fiction
4,Doubleday,SEX AND VANITY,Kevin Kwan,by Kevin Kwan,,2020-08-09,Hardcover Fiction
2,Ballantine,A WALK ALONG THE BEACH,Debbie Macomber,by Debbie Macomber,,2020-08-09,Hardcover Fiction
14,Scribner,IF IT BLEEDS,Stephen King,by Stephen King,,2020-08-09,Hardcover Fiction
1,"Little, Brown",THE PULL OF THE STARS,Emma Donoghue,by Emma Donoghue,,2020-08-09,Hardcover Fiction
11,Atria,BIG SUMMER,Jennifer Weiner,by Jennifer Weiner,,2020-08-09,Hardcover Fiction
1,Harper,THE ORDER,Daniel Silva,by Daniel Silva,,2020-08-02,Hardcover Fiction
1,Ace,PEACE TALKS,Jim Butcher,by Jim Butcher,,2020-08-02,Hardcover Fiction
98,Putnam,WHERE THE CRAWDADS SING,Delia Owens,by Delia Owens,,2020-08-02,Hardcover Fiction
7,Riverhead,THE VANISHING HALF,Brit Bennett,by Brit Bennett,,2020-08-02,Hardcover Fiction
5,"Little, Brown",28 SUMMERS,Elin Hilderbrand,by Elin Hilderbrand,,2020-08-02,Hardcover Fiction
3,Doubleday,SEX AND VANITY,Kevin Kwan,by Kevin Kwan,,2020-08-02,Hardcover Fiction
7,Morrow,THE GUEST LIST,Lucy Foley,by Lucy Foley,,2020-08-02,Hardcover Fiction
12,Doubleday,CAMINO WINDS,John Grisham,by John Grisham,,2020-08-02,Hardcover Fiction
1,Random House,UTOPIA AVENUE,David Mitchell,by David Mitchell,,2020-08-02,Hardcover Fiction
1,Ballantine,A WALK ALONG THE BEACH,Debbie Macomber,by Debbie Macomber,,2020-08-02,Hardcover Fiction
13,Scribner,IF IT BLEEDS,Stephen King,by Stephen King,,2020-08-02,Hardcover Fiction
26,Flatiron,AMERICAN DIRT,Jeanine Cummins,by Jeanine Cummins,,2020-08-02,Hardcover Fiction
6,"Little, Brown",THE SUMMER HOUSE,James Patterson and Brendan DuBois,by James Patterson and Brendan DuBois,,2020-08-02,Hardcover Fiction
3,Del Rey,MEXICAN GOTHIC,Silvia Moreno-Garcia,by Silvia Moreno-Garcia,,2020-08-02,Hardcover Fiction
10,Atria,BIG SUMMER,Jennifer Weiner,by Jennifer Weiner,,2020-08-02,Hardcover Fiction
97,Putnam,WHERE THE CRAWDADS SING,Delia Owens,by Delia Owens,,2020-07-26,Hardcover Fiction
6,Riverhead,THE VANISHING HALF,Brit Bennett,by Brit Bennett,,2020-07-26,Hardcover Fiction
4,"Little, Brown",28 SUMMERS,Elin Hilderbrand,by Elin Hilderbrand,,2020-07-26,Hardcover Fiction
1,Dutton,A BEAUTIFULLY FOOLISH ENDEAVOR,Hank Green,by Hank Green,,2020-07-26,Hardcover Fiction
11,Doubleday,CAMINO WINDS,John Grisham,by John Grisham,,2020-07-26,Hardcover Fiction
6,Morrow,THE GUEST LIST,Lucy Foley,by Lucy Foley,,2020-07-26,Hardcover Fiction
2,Doubleday,SEX AND VANITY,Kevin Kwan,by Kevin Kwan,,2020-07-26,Hardcover Fiction
25,Flatiron,AMERICAN DIRT,Jeanine Cummins,by Jeanine Cummins,,2020-07-26,Hardcover Fiction
5,"Little, Brown",THE SUMMER HOUSE,James Patterson and Brendan DuBois,by James Patterson and Brendan DuBois,,2020-07-26,Hardcover Fiction
2,Del Rey,MEXICAN GOTHIC,Silvia Moreno-Garcia,by Silvia Moreno-Garcia,,2020-07-26,Hardcover Fiction
12,Scribner,IF IT BLEEDS,Stephen King,by Stephen King,,2020-07-26,Hardcover Fiction
7,"Little, Brown",FAIR WARNING,Michael Connelly,by Michael Connelly,,2020-07-26,Hardcover Fiction
52,Celadon,THE SILENT PATIENT,Alex Michaelides,by Alex Michaelides,,2020-07-26,Hardcover Fiction
1,Knopf,MEMOIRS AND MISINFORMATION,Jim Carrey and Dana Vachon,by Jim Carrey and Dana Vachon,,2020-07-26,Hardcover Fiction
9,Atria,BIG SUMMER,Jennifer Weiner,by Jennifer Weiner,,2020-07-26,Hardcover Fiction
96,Putnam,WHERE THE CRAWDADS SING,Delia Owens,by Delia Owens,,2020-07-19,Hardcover Fiction
5,Riverhead,THE VANISHING HALF,Brit Bennett,by Brit Bennett,,2020-07-19,Hardcover Fiction
3,"Little, Brown",28 SUMMERS,Elin Hilderbrand,by Elin Hilderbrand,,2020-07-19,Hardcover Fiction
1,Doubleday,SEX AND VANITY,Kevin Kwan,by Kevin Kwan,,2020-07-19,Hardcover Fiction
10,Doubleday,CAMINO WINDS,John Grisham,by John Grisham,,2020-07-19,Hardcover Fiction
5,Morrow,THE GUEST LIST,Lucy Foley,by Lucy Foley,,2020-07-19,Hardcover Fiction
4,"Little, Brown",THE SUMMER HOUSE,James Patterson and Brendan DuBois,by James Patterson and Brendan DuBois,,2020-07-19,Hardcover Fiction
1,Dutton,HOME BEFORE DARK,Riley Sager,by Riley Sager,,2020-07-19,Hardcover Fiction
1,Del Rey,MEXICAN GOTHIC,Silvia Moreno-Garcia,by Silvia Moreno-Garcia,,2020-07-19,Hardcover Fiction
1,Knopf,FRIENDS AND STRANGERS,J Courtney Sullivan,by J. Courtney Sullivan,,2020-07-19,Hardcover Fiction
11,Scribner,IF IT BLEEDS,Stephen King,by Stephen King,,2020-07-19,Hardcover Fiction
6,"Little, Brown",FAIR WARNING,Michael Connelly,by Michael Connelly,,2020-07-19,Hardcover Fiction
24,Flatiron,AMERICAN DIRT,Jeanine Cummins,by Jeanine Cummins,,2020-07-19,Hardcover Fiction
8,Atria,BIG SUMMER,Jennifer Weiner,by Jennifer Weiner,,2020-07-19,Hardcover Fiction
4,Delacorte,DADDY'S GIRLS,Danielle Steel,by Danielle Steel,,2020-07-19,Hardcover Fiction
4,Riverhead,THE VANISHING HALF,Brit Bennett,by Brit Bennett,,2020-07-12,Hardcover Fiction
2,"Little, Brown",28 SUMMERS,Elin Hilderbrand,by Elin Hilderbrand,,2020-07-12,Hardcover Fiction
95,Putnam,WHERE THE CRAWDADS SING,Delia Owens,by Delia Owens,,2020-07-12,Hardcover Fiction
9,Doubleday,CAMINO WINDS,John Grisham,by John Grisham,,2020-07-12,Hardcover Fiction
3,"Little, Brown",THE SUMMER HOUSE,James Patterson and Brendan DuBois,by James Patterson and Brendan DuBois,,2020-07-12,Hardcover Fiction
4,Morrow,THE GUEST LIST,Lucy Foley,by Lucy Foley,,2020-07-12,Hardcover Fiction
10,Scribner,IF IT BLEEDS,Stephen King,by Stephen King,,2020-07-12,Hardcover Fiction
5,"Little, Brown",FAIR WARNING,Michael Connelly,by Michael Connelly,,2020-07-12,Hardcover Fiction
1,Sourcebooks Landmark,THE LAST FLIGHT,Julie Clark,by Julie Clark,,2020-07-12,Hardcover Fiction
23,Flatiron,AMERICAN DIRT,Jeanine Cummins,by Jeanine Cummins,,2020-07-12,Hardcover Fiction
4,Riverhead,DEACON KING KONG,James McBride,by James McBride,,2020-07-12,Hardcover Fiction
5,St. Martin's,HIDEAWAY,Nora Roberts,by Nora Roberts,,2020-07-12,Hardcover Fiction
3,Delacorte,DADDY'S GIRLS,Danielle Steel,by Danielle Steel,,2020-07-12,Hardcover Fiction
7,Atria,BIG SUMMER,Jennifer Weiner,by Jennifer Weiner,,2020-07-12,Hardcover Fiction
1,Penguin Press,DEATH IN HER HANDS,Ottessa Moshfegh,by Ottessa Moshfegh,,2020-07-12,Hardcover Fiction
1,"Little, Brown",28 SUMMERS,Elin Hilderbrand,by Elin Hilderbrand,,2020-07-05,Hardcover Fiction
94,Putnam,WHERE THE CRAWDADS SING,Delia Owens,by Delia Owens,,2020-07-05,Hardcover Fiction
8,Doubleday,CAMINO WINDS,John Grisham,by John Grisham,,2020-07-05,Hardcover Fiction
3,Riverhead,THE VANISHING HALF,Brit Bennett,by Brit Bennett,,2020-07-05,Hardcover Fiction
2,"Little, Brown",THE SUMMER HOUSE,James Patterson and Brendan DuBois,by James Patterson and Brendan DuBois,,2020-07-05,Hardcover Fiction
9,Scribner,IF IT BLEEDS,Stephen King,by Stephen King,,2020-07-05,Hardcover Fiction
3,Riverhead,DEACON KING KONG,James McBride,by James McBride,,2020-07-05,Hardcover Fiction
4,"Little, Brown",FAIR WARNING,Michael Connelly,by Michael Connelly,,2020-07-05,Hardcover Fiction
3,Morrow,THE GUEST LIST,Lucy Foley,by Lucy Foley,,2020-07-05,Hardcover Fiction
1,Del Rey,DEVOLUTION,Max Brooks,by Max Brooks,,2020-07-05,Hardcover Fiction
2,Putnam,TOM CLANCY: FIRING POINT,Mike Maden,by Mike Maden,,2020-07-05,Hardcover Fiction
2,Delacorte,DADDY'S GIRLS,Danielle Steel,by Danielle Steel,,2020-07-05,Hardcover Fiction
4,St. Martin's,HIDEAWAY,Nora Roberts,by Nora Roberts,,2020-07-05,Hardcover Fiction
9,Grand Central,WALK THE WIRE,David Baldacci,by David Baldacci,,2020-07-05,Hardcover Fiction
22,Flatiron,AMERICAN DIRT,Jeanine Cummins,by Jeanine Cummins,,2020-07-05,Hardcover Fiction
93,Putnam,WHERE THE CRAWDADS SING,Delia Owens,by Delia Owens,,2020-06-28,Hardcover Fiction
7,Doubleday,CAMINO WINDS,John Grisham,by John Grisham,,2020-06-28,Hardcover Fiction
2,Riverhead,THE VANISHING HALF,Brit Bennett,by Brit Bennett,,2020-06-28,Hardcover Fiction
1,"Little, Brown",THE SUMMER HOUSE,James Patterson and Brendan DuBois,by James Patterson and Brendan DuBois,,2020-06-28,Hardcover Fiction
1,Delacorte,DADDY'S GIRLS,Danielle Steel,by Danielle Steel,,2020-06-28,Hardcover Fiction
3,"Little, Brown",FAIR WARNING,Michael Connelly,by Michael Connelly,,2020-06-28,Hardcover Fiction
8,Scribner,IF IT BLEEDS,Stephen King,by Stephen King,,2020-06-28,Hardcover Fiction
1,Putnam,TOM CLANCY: FIRING POINT,Mike Maden,by Mike Maden,,2020-06-28,Hardcover Fiction
3,St. Martin's,HIDEAWAY,Nora Roberts,by Nora Roberts,,2020-06-28,Hardcover Fiction
2,Morrow,THE GUEST LIST,Lucy Foley,by Lucy Foley,,2020-06-28,Hardcover Fiction
8,Grand Central,WALK THE WIRE,David Baldacci,by David Baldacci,,2020-06-28,Hardcover Fiction
6,Atria,BIG SUMMER,Jennifer Weiner,by Jennifer Weiner,,2020-06-28,Hardcover Fiction
21,Flatiron,AMERICAN DIRT,Jeanine Cummins,by Jeanine Cummins,,2020-06-28,Hardcover Fiction
2,Ballantine,THE LIES THAT BIND,Emily Giffin,by Emily Giffin,,2020-06-28,Hardcover Fiction
1,Random House,THE DAUGHTERS OF ERIETOWN,Connie Schultz,by Connie Schultz,,2020-06-28,Hardcover Fiction
1,Riverhead,THE VANISHING HALF,Brit Bennett,by Brit Bennett,,2020-06-21,Hardcover Fiction
92,Putnam,WHERE THE CRAWDADS SING,Delia Owens,by Delia Owens,,2020-06-21,Hardcover Fiction
1,Morrow,THE GUEST LIST,Lucy Foley,by Lucy Foley,,2020-06-21,Hardcover Fiction
6,Doubleday,CAMINO WINDS,John Grisham,by John Grisham,,2020-06-21,Hardcover Fiction
1,Ballantine,THE LIES THAT BIND,Emily Giffin,by Emily Giffin,,2020-06-21,Hardcover Fiction
2,"Little, Brown",FAIR WARNING,Michael Connelly,by Michael Connelly,,2020-06-21,Hardcover Fiction
2,St. Martin's,HIDEAWAY,Nora Roberts,by Nora Roberts,,2020-06-21,Hardcover Fiction
7,Scribner,IF IT BLEEDS,Stephen King,by Stephen King,,2020-06-21,Hardcover Fiction
5,Atria,BIG SUMMER,Jennifer Weiner,by Jennifer Weiner,,2020-06-21,Hardcover Fiction
7,Grand Central,WALK THE WIRE,David Baldacci,by David Baldacci,,2020-06-21,Hardcover Fiction
20,Flatiron,AMERICAN DIRT,Jeanine Cummins,by Jeanine Cummins,,2020-06-21,Hardcover Fiction
1,Knopf,A BURNING,Megha Majumdar,by Megha Majumdar,,2020-06-21,Hardcover Fiction
51,Celadon,THE SILENT PATIENT,Alex Michaelides,by Alex Michaelides,,2020-06-21,Hardcover Fiction
5,Riverhead,ALL ADULTS HERE,Emma Straub,by Emma Straub,,2020-06-21,Hardcover Fiction
13,Putnam,SUCH A FUN AGE,Kiley Reid,by Kiley Reid,,2020-06-21,Hardcover Fiction
91,Putnam,WHERE THE CRAWDADS SING,Delia Owens,by Delia Owens,,2020-06-14,Hardcover Fiction
1,St. Martin's,HIDEAWAY,Nora Roberts,by Nora Roberts,,2020-06-14,Hardcover Fiction
1,"Little, Brown",FAIR WARNING,Michael Connelly,by Michael Connelly,,2020-06-14,Hardcover Fiction
5,Doubleday,CAMINO WINDS,John Grisham,by John Grisham,,2020-06-14,Hardcover Fiction
6,Scribner,IF IT BLEEDS,Stephen King,by Stephen King,,2020-06-14,Hardcover Fiction
4,Atria,BIG SUMMER,Jennifer Weiner,by Jennifer Weiner,,2020-06-14,Hardcover Fiction
19,Flatiron,AMERICAN DIRT,Jeanine Cummins,by Jeanine Cummins,,2020-06-14,Hardcover Fiction
6,Grand Central,WALK THE WIRE,David Baldacci,by David Baldacci,,2020-06-14,Hardcover Fiction
4,Riverhead,ALL ADULTS HERE,Emma Straub,by Emma Straub,,2020-06-14,Hardcover Fiction
4,"Little, Brown",THE 20TH VICTIM,James Patterson and Maxine Paetro,by James Patterson and Maxine Paetro,,2020-06-14,Hardcover Fiction
50,Celadon,THE SILENT PATIENT,Alex Michaelides,by Alex Michaelides,,2020-06-14,Hardcover Fiction
33,Pamela Dorman/Viking,THE GIVER OF STARS,Jojo Moyes,by Jojo Moyes,,2020-06-14,Hardcover Fiction
6,Viking,THE BOOK OF LONGINGS,Sue Monk Kidd,by Sue Monk Kidd,,2020-06-14,Hardcover Fiction
1,Putnam,WRATH OF POSEIDON,Clive Cussler and Robin Burcell,by Clive Cussler and Robin Burcell,,2020-06-14,Hardcover Fiction
3,Grand Central,THE LAST TRIAL,Scott Turow,by Scott Turow,,2020-06-14,Hardcover Fiction
90,Putnam,WHERE THE CRAWDADS SING,Delia Owens,by Delia Owens,,2020-06-07,Hardcover Fiction
4,Doubleday,CAMINO WINDS,John Grisham,by John Grisham,,2020-06-07,Hardcover Fiction
5,Scribner,IF IT BLEEDS,Stephen King,by Stephen King,,2020-06-07,Hardcover Fiction
5,Grand Central,WALK THE WIRE,David Baldacci,by David Baldacci,,2020-06-07,Hardcover Fiction
3,Atria,BIG SUMMER,Jennifer Weiner,by Jennifer Weiner,,2020-06-07,Hardcover Fiction
3,"Little, Brown",THE 20TH VICTIM,James Patterson and Maxine Paetro,by James Patterson and Maxine Paetro,,2020-06-07,Hardcover Fiction
18,Flatiron,AMERICAN DIRT,Jeanine Cummins,by Jeanine Cummins,,2020-06-07,Hardcover Fiction
1,Random House,RODHAM,Curtis Sittenfeld,by Curtis Sittenfeld,,2020-06-07,Hardcover Fiction
2,Grand Central,THE LAST TRIAL,Scott Turow,by Scott Turow,,2020-06-07,Hardcover Fiction
3,Riverhead,ALL ADULTS HERE,Emma Straub,by Emma Straub,,2020-06-07,Hardcover Fiction
5,Viking,THE BOOK OF LONGINGS,Sue Monk Kidd,by Sue Monk Kidd,,2020-06-07,Hardcover Fiction
49,Celadon,THE SILENT PATIENT,Alex Michaelides,by Alex Michaelides,,2020-06-07,Hardcover Fiction
1,Gallery,ON OCEAN BOULEVARD,Mary Alice Monroe,by Mary Alice Monroe,,2020-06-07,Hardcover Fiction
2,St. Martin's,"HELLO, SUMMER",Mary Kay Andrews,by Mary Kay Andrews,,2020-06-07,Hardcover Fiction
32,Pamela Dorman/Viking,THE GIVER OF STARS,Jojo Moyes,by Jojo Moyes,,2020-06-07,Hardcover Fiction
89,Putnam,WHERE THE CRAWDADS SING,Delia Owens,by Delia Owens,,2020-05-31,Hardcover Fiction
3,Doubleday,CAMINO WINDS,John Grisham,by John Grisham,,2020-05-31,Hardcover Fiction
4,Scribner,IF IT BLEEDS,Stephen King,by Stephen King,,2020-05-31,Hardcover Fiction
4,Grand Central,WALK THE WIRE,David Baldacci,by David Baldacci,,2020-05-31,Hardcover Fiction
2,"Little, Brown",THE 20TH VICTIM,James Patterson and Maxine Paetro,by James Patterson and Maxine Paetro,,2020-05-31,Hardcover Fiction
2,Atria,BIG SUMMER,Jennifer Weiner,by Jennifer Weiner,,2020-05-31,Hardcover Fiction
17,Flatiron,AMERICAN DIRT,Jeanine Cummins,by Jeanine Cummins,,2020-05-31,Hardcover Fiction
1,Grand Central,THE LAST TRIAL,Scott Turow,by Scott Turow,,2020-05-31,Hardcover Fiction
2,Riverhead,ALL ADULTS HERE,Emma Straub,by Emma Straub,,2020-05-31,Hardcover Fiction
4,Viking,THE BOOK OF LONGINGS,Sue Monk Kidd,by Sue Monk Kidd,,2020-05-31,Hardcover Fiction
6,Ballantine,THE BOOK OF LOST FRIENDS,Lisa Wingate,by Lisa Wingate,,2020-05-31,Hardcover Fiction
3,Delacorte,THE WEDDING DRESS,Danielle Steel,by Danielle Steel,,2020-05-31,Hardcover Fiction
31,Pamela Dorman/Viking,THE GIVER OF STARS,Jojo Moyes,by Jojo Moyes,,2020-05-31,Hardcover Fiction
1,MIRA,THE HENNA ARTIST,Alka Joshi,by Alka Joshi,,2020-05-31,Hardcover Fiction
1,Morrow,SHAKESPEARE FOR SQUIRRELS,Christopher Moore,by Christopher Moore,,2020-05-31,Hardcover Fiction
2,Doubleday,CAMINO WINDS,John Grisham,by John Grisham,,2020-05-24,Hardcover Fiction
88,Putnam,WHERE THE CRAWDADS SING,Delia Owens,by Delia Owens,,2020-05-24,Hardcover Fiction
3,Scribner,IF IT BLEEDS,Stephen King,by Stephen King,,2020-05-24,Hardcover Fiction
1,"Little, Brown",THE 20TH VICTIM,James Patterson and Maxine Paetro,by James Patterson and Maxine Paetro,,2020-05-24,Hardcover Fiction
1,Riverhead,ALL ADULTS HERE,Emma Straub,by Emma Straub,,2020-05-24,Hardcover Fiction
3,Grand Central,WALK THE WIRE,David Baldacci,by David Baldacci,,2020-05-24,Hardcover Fiction
1,Atria,BIG SUMMER,Jennifer Weiner,by Jennifer Weiner,,2020-05-24,Hardcover Fiction
3,Viking,THE BOOK OF LONGINGS,Sue Monk Kidd,by Sue Monk Kidd,,2020-05-24,Hardcover Fiction
1,St. Martin's,"HELLO, SUMMER",Mary Kay Andrews,by Mary Kay Andrews,,2020-05-24,Hardcover Fiction
16,Flatiron,AMERICAN DIRT,Jeanine Cummins,by Jeanine Cummins,,2020-05-24,Hardcover Fiction
2,Delacorte,THE WEDDING DRESS,Danielle Steel,by Danielle Steel,,2020-05-24,Hardcover Fiction
5,Ballantine,THE BOOK OF LOST FRIENDS,Lisa Wingate,by Lisa Wingate,,2020-05-24,Hardcover Fiction
30,Pamela Dorman/Viking,THE GIVER OF STARS,Jojo Moyes,by Jojo Moyes,,2020-05-24,Hardcover Fiction
4,Putnam,MASKED PREY,John Sandford,by John Sandford,,2020-05-24,Hardcover Fiction
1,Atria,SOMEONE LIKE YOU,Karen Kingsbury,by Karen Kingsbury,,2020-05-24,Hardcover Fiction
1,Doubleday,CAMINO WINDS,John Grisham,by John Grisham,,2020-05-17,Hardcover Fiction
2,Scribner,IF IT BLEEDS,Stephen King,by Stephen King,,2020-05-17,Hardcover Fiction
87,Putnam,WHERE THE CRAWDADS SING,Delia Owens,by Delia Owens,,2020-05-17,Hardcover Fiction
2,Grand Central,WALK THE WIRE,David Baldacci,by David Baldacci,,2020-05-17,Hardcover Fiction
2,Viking,THE BOOK OF LONGINGS,Sue Monk Kidd,by Sue Monk Kidd,,2020-05-17,Hardcover Fiction
1,Delacorte,THE WEDDING DRESS,Danielle Steel,by Danielle Steel,,2020-05-17,Hardcover Fiction
15,Flatiron,AMERICAN DIRT,Jeanine Cummins,by Jeanine Cummins,,2020-05-17,Hardcover Fiction
3,Putnam,MASKED PREY,John Sandford,by John Sandford,,2020-05-17,Hardcover Fiction
48,Celadon,THE SILENT PATIENT,Alex Michaelides,by Alex Michaelides,,2020-05-17,Hardcover Fiction
1,Knopf,THE END OF OCTOBER,Lawrence Wright,by Lawrence Wright,,2020-05-17,Hardcover Fiction
29,Pamela Dorman/Viking,THE GIVER OF STARS,Jojo Moyes,by Jojo Moyes,,2020-05-17,Hardcover Fiction
7,Grand Central,THE BOY FROM THE WOODS,Harlan Coben,by Harlan Coben,,2020-05-17,Hardcover Fiction
4,Ballantine,THE BOOK OF LOST FRIENDS,Lisa Wingate,by Lisa Wingate,,2020-05-17,Hardcover Fiction
32,Harper,THE DUTCH HOUSE,Ann Patchett,by Ann Patchett,,2020-05-17,Hardcover Fiction
4,Knopf,REDHEAD BY THE SIDE OF THE ROAD,Anne Tyler,by Anne Tyler,,2020-05-17,Hardcover Fiction
1,Scribner,IF IT BLEEDS,Stephen King,by Stephen King,,2020-05-10,Hardcover Fiction
1,Grand Central,WALK THE WIRE,David Baldacci,by David Baldacci,,2020-05-10,Hardcover Fiction
86,Putnam,WHERE THE CRAWDADS SING,Delia Owens,by Delia Owens,,2020-05-10,Hardcover Fiction
2,Putnam,MASKED PREY,John Sandford,by John Sandford,,2020-05-10,Hardcover Fiction
14,Flatiron,AMERICAN DIRT,Jeanine Cummins,by Jeanine Cummins,,2020-05-10,Hardcover Fiction
1,Viking,THE BOOK OF LONGINGS,Sue Monk Kidd,by Sue Monk Kidd,,2020-05-10,Hardcover Fiction
47,Celadon,THE SILENT PATIENT,Alex Michaelides,by Alex Michaelides,,2020-05-10,Hardcover Fiction
28,Pamela Dorman/Viking,THE GIVER OF STARS,Jojo Moyes,by Jojo Moyes,,2020-05-10,Hardcover Fiction
6,Grand Central,THE BOY FROM THE WOODS,Harlan Coben,by Harlan Coben,,2020-05-10,Hardcover Fiction
7,Atria,IN FIVE YEARS,Rebecca Serle,by Rebecca Serle,,2020-05-10,Hardcover Fiction
5,Knopf,THE GLASS HOTEL,Emily St. John Mandel,by Emily St. John Mandel,,2020-05-10,Hardcover Fiction
3,Ballantine,THE BOOK OF LOST FRIENDS,Lisa Wingate,by Lisa Wingate,,2020-05-10,Hardcover Fiction
3,Knopf,REDHEAD BY THE SIDE OF THE ROAD,Anne Tyler,by Anne Tyler,,2020-05-10,Hardcover Fiction
31,Harper,THE DUTCH HOUSE,Ann Patchett,by Ann Patchett,,2020-05-10,Hardcover Fiction
7,Holt,THE MIRROR & THE LIGHT,Hilary Mantel,by Hilary Mantel,,2020-05-10,Hardcover Fiction
85,Putnam,WHERE THE CRAWDADS SING,Delia Owens,by Delia Owens,,2020-05-03,Hardcover Fiction
1,Putnam,MASKED PREY,John Sandford,by John Sandford,,2020-05-03,Hardcover Fiction
13,Flatiron,AMERICAN DIRT,Jeanine Cummins,by Jeanine Cummins,,2020-05-03,Hardcover Fiction
46,Celadon,THE SILENT PATIENT,Alex Michaelides,by Alex Michaelides,,2020-05-03,Hardcover Fiction
5,Grand Central,THE BOY FROM THE WOODS,Harlan Coben,by Harlan Coben,,2020-05-03,Hardcover Fiction
4,Knopf,THE GLASS HOTEL,Emily St. John Mandel,by Emily St. John Mandel,,2020-05-03,Hardcover Fiction
6,Atria,IN FIVE YEARS,Rebecca Serle,by Rebecca Serle,,2020-05-03,Hardcover Fiction
2,Knopf,REDHEAD BY THE SIDE OF THE ROAD,Anne Tyler,by Anne Tyler,,2020-05-03,Hardcover Fiction
27,Pamela Dorman/Viking,THE GIVER OF STARS,Jojo Moyes,by Jojo Moyes,,2020-05-03,Hardcover Fiction
3,Harper,VALENTINE,Elizabeth Wetmore,by Elizabeth Wetmore,,2020-05-03,Hardcover Fiction
2,Ballantine,THE BOOK OF LOST FRIENDS,Lisa Wingate,by Lisa Wingate,,2020-05-03,Hardcover Fiction
30,Harper,THE DUTCH HOUSE,Ann Patchett,by Ann Patchett,,2020-05-03,Hardcover Fiction
1,Emily Bestler/Atria,SAVAGE SON,Jack Carr,by Jack Carr,,2020-05-03,Hardcover Fiction
3,"Little, Brown",TEXAS OUTLAW,James Patterson and Andrew Bourelle,by James Patterson and Andrew Bourelle,,2020-05-03,Hardcover Fiction
6,Holt,THE MIRROR & THE LIGHT,Hilary Mantel,by Hilary Mantel,,2020-05-03,Hardcover Fiction
84,Putnam,WHERE THE CRAWDADS SING,Delia Owens,by Delia Owens,,2020-04-26,Hardcover Fiction
12,Flatiron,AMERICAN DIRT,Jeanine Cummins,by Jeanine Cummins,,2020-04-26,Hardcover Fiction
4,Grand Central,THE BOY FROM THE WOODS,Harlan Coben,by Harlan Coben,,2020-04-26,Hardcover Fiction
1,Knopf,REDHEAD BY THE SIDE OF THE ROAD,Anne Tyler,by Anne Tyler,,2020-04-26,Hardcover Fiction
45,Celadon,THE SILENT PATIENT,Alex Michaelides,by Alex Michaelides,,2020-04-26,Hardcover Fiction
2,Harper,VALENTINE,Elizabeth Wetmore,by Elizabeth Wetmore,,2020-04-26,Hardcover Fiction
3,Knopf,THE GLASS HOTEL,Emily St. John Mandel,by Emily St. John Mandel,,2020-04-26,Hardcover Fiction
1,Ballantine,THE BOOK OF LOST FRIENDS,Lisa Wingate,by Lisa Wingate,,2020-04-26,Hardcover Fiction
26,Pamela Dorman/Viking,THE GIVER OF STARS,Jojo Moyes,by Jojo Moyes,,2020-04-26,Hardcover Fiction
2,"Little, Brown",TEXAS OUTLAW,James Patterson and Andrew Bourelle,by James Patterson and Andrew Bourelle,,2020-04-26,Hardcover Fiction
1,John Joseph Adams/Houghton Mifflin Harcourt,CHOSEN ONES,Veronica Roth,by Veronica Roth,,2020-04-26,Hardcover Fiction
5,Holt,THE MIRROR & THE LIGHT,Hilary Mantel,by Hilary Mantel,,2020-04-26,Hardcover Fiction
29,Harper,THE DUTCH HOUSE,Ann Patchett,by Ann Patchett,,2020-04-26,Hardcover Fiction
1,Quirk,THE SOUTHERN BOOK CLUB'S GUIDE TO SLAYING VAMPIRES,Grady Hendrix,by Grady Hendrix,,2020-04-26,Hardcover Fiction
5,Atria,IN FIVE YEARS,Rebecca Serle,by Rebecca Serle,,2020-04-26,Hardcover Fiction
83,Putnam,WHERE THE CRAWDADS SING,Delia Owens,by Delia Owens,,2020-04-19,Hardcover Fiction
1,Harper,VALENTINE,Elizabeth Wetmore,by Elizabeth Wetmore,,2020-04-19,Hardcover Fiction
11,Flatiron,AMERICAN DIRT,Jeanine Cummins,by Jeanine Cummins,,2020-04-19,Hardcover Fiction
3,Grand Central,THE BOY FROM THE WOODS,Harlan Coben,by Harlan Coben,,2020-04-19,Hardcover Fiction
1,"Little, Brown",TEXAS OUTLAW,James Patterson and Andrew Bourelle,by James Patterson and Andrew Bourelle,,2020-04-19,Hardcover Fiction
44,Celadon,THE SILENT PATIENT,Alex Michaelides,by Alex Michaelides,,2020-04-19,Hardcover Fiction
2,Knopf,THE GLASS HOTEL,Emily St. John Mandel,by Emily St. John Mandel,,2020-04-19,Hardcover Fiction
4,Holt,THE MIRROR & THE LIGHT,Hilary Mantel,by Hilary Mantel,,2020-04-19,Hardcover Fiction
25,Pamela Dorman/Viking,THE GIVER OF STARS,Jojo Moyes,by Jojo Moyes,,2020-04-19,Hardcover Fiction
2,Harper,THE NIGHT WATCHMAN,Louise Erdrich,by Louise Erdrich,,2020-04-19,Hardcover Fiction
28,Harper,THE DUTCH HOUSE,Ann Patchett,by Ann Patchett,,2020-04-19,Hardcover Fiction
1,Ballantine,IT'S NOT ALL DOWNHILL FROM HERE,Terry McMillan,by Terry McMillan,,2020-04-19,Hardcover Fiction
4,Atria,IN FIVE YEARS,Rebecca Serle,by Rebecca Serle,,2020-04-19,Hardcover Fiction
12,Putnam,SUCH A FUN AGE,Kiley Reid,by Kiley Reid,,2020-04-19,Hardcover Fiction
6,"Little, Brown",BLINDSIDE,James Patterson and James O Born,by James Patterson and James O. Born,,2020-04-19,Hardcover Fiction
82,Putnam,WHERE THE CRAWDADS SING,Delia Owens,by Delia Owens,,2020-04-12,Hardcover Fiction
2,Grand Central,THE BOY FROM THE WOODS,Harlan Coben,by Harlan Coben,,2020-04-12,Hardcover Fiction
10,Flatiron,AMERICAN DIRT,Jeanine Cummins,by Jeanine Cummins,,2020-04-12,Hardcover Fiction
1,Knopf,THE GLASS HOTEL,Emily St. John Mandel,by Emily St. John Mandel,,2020-04-12,Hardcover Fiction
3,Atria,IN FIVE YEARS,Rebecca Serle,by Rebecca Serle,,2020-04-12,Hardcover Fiction
1,Morrow,THE LAST ODYSSEY,James Rollins,by James Rollins,,2020-04-12,Hardcover Fiction
1,Gallery,THE SINNER,JR Ward,by J.R. Ward,,2020-04-12,Hardcover Fiction
3,Holt,THE MIRROR & THE LIGHT,Hilary Mantel,by Hilary Mantel,,2020-04-12,Hardcover Fiction
1,Orbit,THE CITY WE BECAME,NK Jemisin,by N.K. Jemisin,,2020-04-12,Hardcover Fiction
43,Celadon,THE SILENT PATIENT,Alex Michaelides,by Alex Michaelides,,2020-04-12,Hardcover Fiction
24,Pamela Dorman/Viking,THE GIVER OF STARS,Jojo Moyes,by Jojo Moyes,,2020-04-12,Hardcover Fiction
27,Harper,THE DUTCH HOUSE,Ann Patchett,by Ann Patchett,,2020-04-12,Hardcover Fiction
3,Morrow,MY DARK VANESSA,Kate Elizabeth Russell,by Kate Elizabeth Russell,,2020-04-12,Hardcover Fiction
5,"Little, Brown",BLINDSIDE,James Patterson and James O Born,by James Patterson and James O. Born,,2020-04-12,Hardcover Fiction
4,Putnam,LONG RANGE,C.J. Box,by C.J. Box,,2020-04-12,Hardcover Fiction
81,Putnam,WHERE THE CRAWDADS SING,Delia Owens,by Delia Owens,,2020-04-05,Hardcover Fiction
1,Grand Central,THE BOY FROM THE WOODS,Harlan Coben,by Harlan Coben,,2020-04-05,Hardcover Fiction
9,Flatiron,AMERICAN DIRT,Jeanine Cummins,by Jeanine Cummins,,2020-04-05,Hardcover Fiction
2,Holt,THE MIRROR & THE LIGHT,Hilary Mantel,by Hilary Mantel,,2020-04-05,Hardcover Fiction
1,Del Rey,STAR WARS: THE RISE OF SKYWALKER,Rae Carson,by Rae Carson,,2020-04-05,Hardcover Fiction
1,Ace,SMOKE BITTEN,Patricia Briggs,by Patricia Briggs,,2020-04-05,Hardcover Fiction
2,Atria,IN FIVE YEARS,Rebecca Serle,by Rebecca Serle,,2020-04-05,Hardcover Fiction
4,"Little, Brown",BLINDSIDE,James Patterson and James O Born,by James Patterson and James O. Born,,2020-04-05,Hardcover Fiction
2,Putnam,JOURNEY OF THE PHARAOHS,Clive Cussler and Graham Brown,by Clive Cussler and Graham Brown,,2020-04-05,Hardcover Fiction
2,Morrow,MY DARK VANESSA,Kate Elizabeth Russell,by Kate Elizabeth Russell,,2020-04-05,Hardcover Fiction
42,Celadon,THE SILENT PATIENT,Alex Michaelides,by Alex Michaelides,,2020-04-05,Hardcover Fiction
3,Bloomsbury,HOUSE OF EARTH AND BLOOD,Sarah J Maas,by Sarah J. Maas,,2020-04-05,Hardcover Fiction
3,Putnam,LONG RANGE,C.J. Box,by C.J. Box,,2020-04-05,Hardcover Fiction
23,Pamela Dorman/Viking,THE GIVER OF STARS,Jojo Moyes,by Jojo Moyes,,2020-04-05,Hardcover Fiction
26,Harper,THE DUTCH HOUSE,Ann Patchett,by Ann Patchett,,2020-04-05,Hardcover Fiction
1,Holt,THE MIRROR & THE LIGHT,Hilary Mantel,by Hilary Mantel,,2020-03-29,Hardcover Fiction
80,Putnam,WHERE THE CRAWDADS SING,Delia Owens,by Delia Owens,,2020-03-29,Hardcover Fiction
1,Putnam,JOURNEY OF THE PHARAOHS,Clive Cussler and Graham Brown,by Clive Cussler and Graham Brown,,2020-03-29,Hardcover Fiction
8,Flatiron,AMERICAN DIRT,Jeanine Cummins,by Jeanine Cummins,,2020-03-29,Hardcover Fiction
1,St. Martin's,A GOOD NEIGHBORHOOD,Therese Anne Fowler,by Therese Anne Fowler,,2020-03-29,Hardcover Fiction
1,Morrow,MY DARK VANESSA,Kate Elizabeth Russell,by Kate Elizabeth Russell,,2020-03-29,Hardcover Fiction
2,Bloomsbury,HOUSE OF EARTH AND BLOOD,Sarah J Maas,by Sarah J. Maas,,2020-03-29,Hardcover Fiction
2,Putnam,LONG RANGE,C.J. Box,by C.J. Box,,2020-03-29,Hardcover Fiction
3,"Little, Brown",BLINDSIDE,James Patterson and James O Born,by James Patterson and James O. Born,,2020-03-29,Hardcover Fiction
2,Delacorte,THE NUMBERS GAME,Danielle Steel,by Danielle Steel,,2020-03-29,Hardcover Fiction
1,Atria,IN FIVE YEARS,Rebecca Serle,by Rebecca Serle,,2020-03-29,Hardcover Fiction
41,Celadon,THE SILENT PATIENT,Alex Michaelides,by Alex Michaelides,,2020-03-29,Hardcover Fiction
25,Harper,THE DUTCH HOUSE,Ann Patchett,by Ann Patchett,,2020-03-29,Hardcover Fiction
11,Putnam,SUCH A FUN AGE,Kiley Reid,by Kiley Reid,,2020-03-29,Hardcover Fiction
2,Riverhead,DEACON KING KONG,James McBride,by James McBride,,2020-03-29,Hardcover Fiction
1,Bloomsbury,HOUSE OF EARTH AND BLOOD,Sarah J Maas,by Sarah J. Maas,,2020-03-22,Hardcover Fiction
1,Putnam,LONG RANGE,C.J. Box,by C.J. Box,,2020-03-22,Hardcover Fiction
79,Putnam,WHERE THE CRAWDADS SING,Delia Owens,by Delia Owens,,2020-03-22,Hardcover Fiction
1,Delacorte,THE NUMBERS GAME,Danielle Steel,by Danielle Steel,,2020-03-22,Hardcover Fiction
7,Flatiron,AMERICAN DIRT,Jeanine Cummins,by Jeanine Cummins,,2020-03-22,Hardcover Fiction
2,"Little, Brown",BLINDSIDE,James Patterson and James O Born,by James Patterson and James O. Born,,2020-03-22,Hardcover Fiction
1,St. Martin's,YOU ARE NOT ALONE,Greer Hendricks and Sarah Pekkanen,by Greer Hendricks and Sarah Pekkanen,,2020-03-22,Hardcover Fiction
1,Grove,WRITERS & LOVERS,Lily King,by Lily King,,2020-03-22,Hardcover Fiction
40,Celadon,THE SILENT PATIENT,Alex Michaelides,by Alex Michaelides,,2020-03-22,Hardcover Fiction
1,Harper,THE NIGHT WATCHMAN,Louise Erdrich,by Louise Erdrich,,2020-03-22,Hardcover Fiction
1,Ballantine,THE JETSETTERS,Amanda Eyre Ward,by Amanda Eyre Ward,,2020-03-22,Hardcover Fiction
10,Putnam,SUCH A FUN AGE,Kiley Reid,by Kiley Reid,,2020-03-22,Hardcover Fiction
24,Harper,THE DUTCH HOUSE,Ann Patchett,by Ann Patchett,,2020-03-22,Hardcover Fiction
1,Riverhead,DEACON KING KONG,James McBride,by James McBride,,2020-03-22,Hardcover Fiction
22,Pamela Dorman/Viking,THE GIVER OF STARS,Jojo Moyes,by Jojo Moyes,,2020-03-22,Hardcover Fiction
1,"Little, Brown",BLINDSIDE,James Patterson and James O Born,by James Patterson and James O. Born,,2020-03-15,Hardcover Fiction
78,Putnam,WHERE THE CRAWDADS SING,Delia Owens,by Delia Owens,,2020-03-15,Hardcover Fiction
6,Flatiron,AMERICAN DIRT,Jeanine Cummins,by Jeanine Cummins,,2020-03-15,Hardcover Fiction
1,Minotaur,THE WARSAW PROTOCOL,Steve Berry,by Steve Berry,,2020-03-15,Hardcover Fiction
39,Celadon,THE SILENT PATIENT,Alex Michaelides,by Alex Michaelides,,2020-03-15,Hardcover Fiction
1,Kensington,COCONUT LAYER CAKE MURDER,Joanne Fluke,by Joanne Fluke,,2020-03-15,Hardcover Fiction
1,Random House,APEIROGON,Colum McCann,by Colum McCann,,2020-03-15,Hardcover Fiction
23,Harper,THE DUTCH HOUSE,Ann Patchett,by Ann Patchett,,2020-03-15,Hardcover Fiction
9,Putnam,SUCH A FUN AGE,Kiley Reid,by Kiley Reid,,2020-03-15,Hardcover Fiction
21,Pamela Dorman/Viking,THE GIVER OF STARS,Jojo Moyes,by Jojo Moyes,,2020-03-15,Hardcover Fiction
4,St. Martin's,GOLDEN IN DEATH,JD Robb,by J.D. Robb,,2020-03-15,Hardcover Fiction
6,Ballantine,A LONG PETAL OF THE SEA,Isabel Allende,by Isabel Allende,,2020-03-15,Hardcover Fiction
20,Doubleday,THE GUARDIANS,John Grisham,by John Grisham,,2020-03-15,Hardcover Fiction
4,Grand Central,CROOKED RIVER,Douglas Preston and Lincoln Child,by Douglas Preston and Lincoln Child,,2020-03-15,Hardcover Fiction
8,Dial,DEAR EDWARD,Ann Napolitano,by Ann Napolitano,,2020-03-15,Hardcover Fiction
77,Putnam,WHERE THE CRAWDADS SING,Delia Owens,by Delia Owens,,2020-03-08,Hardcover Fiction
5,Flatiron,AMERICAN DIRT,Jeanine Cummins,by Jeanine Cummins,,2020-03-08,Hardcover Fiction
38,Celadon,THE SILENT PATIENT,Alex Michaelides,by Alex Michaelides,,2020-03-08,Hardcover Fiction
1,Berkley,ONE MINUTE OUT,Mark Greaney,by Mark Greaney,,2020-03-08,Hardcover Fiction
3,St. Martin's,GOLDEN IN DEATH,JD Robb,by J.D. Robb,,2020-03-08,Hardcover Fiction
22,Harper,THE DUTCH HOUSE,Ann Patchett,by Ann Patchett,,2020-03-08,Hardcover Fiction
8,Putnam,SUCH A FUN AGE,Kiley Reid,by Kiley Reid,,2020-03-08,Hardcover Fiction
5,Ballantine,A LONG PETAL OF THE SEA,Isabel Allende,by Isabel Allende,,2020-03-08,Hardcover Fiction
19,Doubleday,THE GUARDIANS,John Grisham,by John Grisham,,2020-03-08,Hardcover Fiction
20,Pamela Dorman/Viking,THE GIVER OF STARS,Jojo Moyes,by Jojo Moyes,,2020-03-08,Hardcover Fiction
1,Berkley,THE SUN DOWN MOTEL,Simone St James,by Simone St. James,,2020-03-08,Hardcover Fiction
3,Grand Central,CROOKED RIVER,Douglas Preston and Lincoln Child,by Douglas Preston and Lincoln Child,,2020-03-08,Hardcover Fiction
1,Park Row,THE OTHER MRS.,Mary Kubica,by Mary Kubica,,2020-03-08,Hardcover Fiction
1,Random House,THE HOLDOUT,Graham Moore,by Graham Moore,,2020-03-08,Hardcover Fiction
7,Dial,DEAR EDWARD,Ann Napolitano,by Ann Napolitano,,2020-03-08,Hardcover Fiction
76,Putnam,WHERE THE CRAWDADS SING,Delia Owens,by Delia Owens,,2020-03-01,Hardcover Fiction
4,Flatiron,AMERICAN DIRT,Jeanine Cummins,by Jeanine Cummins,,2020-03-01,Hardcover Fiction
2,St. Martin's,GOLDEN IN DEATH,JD Robb,by J.D. Robb,,2020-03-01,Hardcover Fiction
37,Celadon,THE SILENT PATIENT,Alex Michaelides,by Alex Michaelides,,2020-03-01,Hardcover Fiction
21,Harper,THE DUTCH HOUSE,Ann Patchett,by Ann Patchett,,2020-03-01,Hardcover Fiction
2,Grand Central,CROOKED RIVER,Douglas Preston and Lincoln Child,by Douglas Preston and Lincoln Child,,2020-03-01,Hardcover Fiction
18,Doubleday,THE GUARDIANS,John Grisham,by John Grisham,,2020-03-01,Hardcover Fiction
7,Putnam,SUCH A FUN AGE,Kiley Reid,by Kiley Reid,,2020-03-01,Hardcover Fiction
4,Ballantine,A LONG PETAL OF THE SEA,Isabel Allende,by Isabel Allende,,2020-03-01,Hardcover Fiction
1,Knopf,WEATHER,Jenny Offill,by Jenny Offill,,2020-03-01,Hardcover Fiction
19,Pamela Dorman/Viking,THE GIVER OF STARS,Jojo Moyes,by Jojo Moyes,,2020-03-01,Hardcover Fiction
6,Dial,DEAR EDWARD,Ann Napolitano,by Ann Napolitano,,2020-03-01,Hardcover Fiction
5,"Little, Brown",LOST,James Patterson and James O Born,by James Patterson and James O. Born,,2020-03-01,Hardcover Fiction
22,Scribner,THE INSTITUTE,Stephen King,by Stephen King,,2020-03-01,Hardcover Fiction
3,Dutton,WHEN YOU SEE ME,Lisa Gardner,by Lisa Gardner,,2020-03-01,Hardcover Fiction
3,Flatiron,AMERICAN DIRT,Jeanine Cummins,by Jeanine Cummins,,2020-02-23,Hardcover Fiction
1,St. Martin's,GOLDEN IN DEATH,JD Robb,by J.D. Robb,,2020-02-23,Hardcover Fiction
1,Grand Central,CROOKED RIVER,Douglas Preston and Lincoln Child,by Douglas Preston and Lincoln Child,,2020-02-23,Hardcover Fiction
75,Putnam,WHERE THE CRAWDADS SING,Delia Owens,by Delia Owens,,2020-02-23,Hardcover Fiction
1,Ballantine,THE MUSEUM OF DESIRE,Jonathan Kellerman,by Jonathan Kellerman,,2020-02-23,Hardcover Fiction
6,Putnam,SUCH A FUN AGE,Kiley Reid,by Kiley Reid,,2020-02-23,Hardcover Fiction
36,Celadon,THE SILENT PATIENT,Alex Michaelides,by Alex Michaelides,,2020-02-23,Hardcover Fiction
4,"Little, Brown",LOST,James Patterson and James O Born,by James Patterson and James O. Born,,2020-02-23,Hardcover Fiction
20,Harper,THE DUTCH HOUSE,Ann Patchett,by Ann Patchett,,2020-02-23,Hardcover Fiction
1,Dutton,THE GIRL WITH THE LOUDING VOICE,Abi Dar,by Abi Dar,,2020-02-23,Hardcover Fiction
5,Dial,DEAR EDWARD,Ann Napolitano,by Ann Napolitano,,2020-02-23,Hardcover Fiction
17,Doubleday,THE GUARDIANS,John Grisham,by John Grisham,,2020-02-23,Hardcover Fiction
18,Pamela Dorman/Viking,THE GIVER OF STARS,Jojo Moyes,by Jojo Moyes,,2020-02-23,Hardcover Fiction
3,Ballantine,A LONG PETAL OF THE SEA,Isabel Allende,by Isabel Allende,,2020-02-23,Hardcover Fiction
2,Dutton,WHEN YOU SEE ME,Lisa Gardner,by Lisa Gardner,,2020-02-23,Hardcover Fiction
2,Flatiron,AMERICAN DIRT,Jeanine Cummins,by Jeanine Cummins,,2020-02-16,Hardcover Fiction
74,Putnam,WHERE THE CRAWDADS SING,Delia Owens,by Delia Owens,,2020-02-16,Hardcover Fiction
1,Dutton,WHEN YOU SEE ME,Lisa Gardner,by Lisa Gardner,,2020-02-16,Hardcover Fiction
3,"Little, Brown",LOST,James Patterson and James O Born,by James Patterson and James O. Born,,2020-02-16,Hardcover Fiction
4,Dial,DEAR EDWARD,Ann Napolitano,by Ann Napolitano,,2020-02-16,Hardcover Fiction
35,Celadon,THE SILENT PATIENT,Alex Michaelides,by Alex Michaelides,,2020-02-16,Hardcover Fiction
5,Putnam,SUCH A FUN AGE,Kiley Reid,by Kiley Reid,,2020-02-16,Hardcover Fiction
19,Harper,THE DUTCH HOUSE,Ann Patchett,by Ann Patchett,,2020-02-16,Hardcover Fiction
2,Ballantine,A LONG PETAL OF THE SEA,Isabel Allende,by Isabel Allende,,2020-02-16,Hardcover Fiction
16,Doubleday,THE GUARDIANS,John Grisham,by John Grisham,,2020-02-16,Hardcover Fiction
4,Riverhead,LONG BRIGHT RIVER,Liz Moore,by Liz Moore,,2020-02-16,Hardcover Fiction
17,Pamela Dorman/Viking,THE GIVER OF STARS,Jojo Moyes,by Jojo Moyes,,2020-02-16,Hardcover Fiction
21,Scribner,THE INSTITUTE,Stephen King,by Stephen King,,2020-02-16,Hardcover Fiction
4,Delacorte,MORAL COMPASS,Danielle Steel,by Danielle Steel,,2020-02-16,Hardcover Fiction
11,Grand Central,A MINUTE TO MIDNIGHT,David Baldacci,by David Baldacci,,2020-02-16,Hardcover Fiction
1,Flatiron,AMERICAN DIRT,Jeanine Cummins,by Jeanine Cummins,,2020-02-09,Hardcover Fiction
73,Putnam,WHERE THE CRAWDADS SING,Delia Owens,by Delia Owens,,2020-02-09,Hardcover Fiction
2,"Little, Brown",LOST,James Patterson and James O Born,by James Patterson and James O. Born,,2020-02-09,Hardcover Fiction
4,Putnam,SUCH A FUN AGE,Kiley Reid,by Kiley Reid,,2020-02-09,Hardcover Fiction
3,Dial,DEAR EDWARD,Ann Napolitano,by Ann Napolitano,,2020-02-09,Hardcover Fiction
34,Celadon,THE SILENT PATIENT,Alex Michaelides,by Alex Michaelides,,2020-02-09,Hardcover Fiction
15,Doubleday,THE GUARDIANS,John Grisham,by John Grisham,,2020-02-09,Hardcover Fiction
1,Ballantine,A LONG PETAL OF THE SEA,Isabel Allende,by Isabel Allende,,2020-02-09,Hardcover Fiction
18,Harper,THE DUTCH HOUSE,Ann Patchett,by Ann Patchett,,2020-02-09,Hardcover Fiction
1,Berkley,AGENCY,William Gibson,by William Gibson,,2020-02-09,Hardcover Fiction
3,Riverhead,LONG BRIGHT RIVER,Liz Moore,by Liz Moore,,2020-02-09,Hardcover Fiction
16,Pamela Dorman/Viking,THE GIVER OF STARS,Jojo Moyes,by Jojo Moyes,,2020-02-09,Hardcover Fiction
3,Delacorte,MORAL COMPASS,Danielle Steel,by Danielle Steel,,2020-02-09,Hardcover Fiction
20,Scribner,THE INSTITUTE,Stephen King,by Stephen King,,2020-02-09,Hardcover Fiction
10,Grand Central,A MINUTE TO MIDNIGHT,David Baldacci,by David Baldacci,,2020-02-09,Hardcover Fiction
72,Putnam,WHERE THE CRAWDADS SING,Delia Owens,by Delia Owens,,2020-02-02,Hardcover Fiction
1,"Little, Brown",LOST,James Patterson and James O Born,by James Patterson and James O. Born,,2020-02-02,Hardcover Fiction
2,Dial,DEAR EDWARD,Ann Napolitano,by Ann Napolitano,,2020-02-02,Hardcover Fiction
3,Putnam,SUCH A FUN AGE,Kiley Reid,by Kiley Reid,,2020-02-02,Hardcover Fiction
14,Doubleday,THE GUARDIANS,John Grisham,by John Grisham,,2020-02-02,Hardcover Fiction
2,Delacorte,MORAL COMPASS,Danielle Steel,by Danielle Steel,,2020-02-02,Hardcover Fiction
17,Harper,THE DUTCH HOUSE,Ann Patchett,by Ann Patchett,,2020-02-02,Hardcover Fiction
33,Celadon,THE SILENT PATIENT,Alex Michaelides,by Alex Michaelides,,2020-02-02,Hardcover Fiction
15,Pamela Dorman/Viking,THE GIVER OF STARS,Jojo Moyes,by Jojo Moyes,,2020-02-02,Hardcover Fiction
2,Riverhead,LONG BRIGHT RIVER,Liz Moore,by Liz Moore,,2020-02-02,Hardcover Fiction
19,Scribner,THE INSTITUTE,Stephen King,by Stephen King,,2020-02-02,Hardcover Fiction
9,Grand Central,A MINUTE TO MIDNIGHT,David Baldacci,by David Baldacci,,2020-02-02,Hardcover Fiction
14,Random House,"OLIVE, AGAIN",Elizabeth Strout,by Elizabeth Strout,,2020-02-02,Hardcover Fiction
12,Delacorte,BLUE MOON,Lee Child,by Lee Child,,2020-02-02,Hardcover Fiction
8,"Little, Brown",CRISS CROSS,James Patterson,by James Patterson,,2020-02-02,Hardcover Fiction
71,Putnam,WHERE THE CRAWDADS SING,Delia Owens,by Delia Owens,,2020-01-26,Hardcover Fiction
1,Dial,DEAR EDWARD,Ann Napolitano,by Ann Napolitano,,2020-01-26,Hardcover Fiction
1,Delacorte,MORAL COMPASS,Danielle Steel,by Danielle Steel,,2020-01-26,Hardcover Fiction
2,Putnam,SUCH A FUN AGE,Kiley Reid,by Kiley Reid,,2020-01-26,Hardcover Fiction
13,Doubleday,THE GUARDIANS,John Grisham,by John Grisham,,2020-01-26,Hardcover Fiction
1,Riverhead,LONG BRIGHT RIVER,Liz Moore,by Liz Moore,,2020-01-26,Hardcover Fiction
32,Celadon,THE SILENT PATIENT,Alex Michaelides,by Alex Michaelides,,2020-01-26,Hardcover Fiction
16,Harper,THE DUTCH HOUSE,Ann Patchett,by Ann Patchett,,2020-01-26,Hardcover Fiction
14,Pamela Dorman/Viking,THE GIVER OF STARS,Jojo Moyes,by Jojo Moyes,,2020-01-26,Hardcover Fiction
1,Putnam,TREASON,Stuart Woods,by Stuart Woods,,2020-01-26,Hardcover Fiction
18,Scribner,THE INSTITUTE,Stephen King,by Stephen King,,2020-01-26,Hardcover Fiction
7,"Little, Brown",CRISS CROSS,James Patterson,by James Patterson,,2020-01-26,Hardcover Fiction
11,Delacorte,BLUE MOON,Lee Child,by Lee Child,,2020-01-26,Hardcover Fiction
8,Grand Central,A MINUTE TO MIDNIGHT,David Baldacci,by David Baldacci,,2020-01-26,Hardcover Fiction
13,Random House,"OLIVE, AGAIN",Elizabeth Strout,by Elizabeth Strout,,2020-01-26,Hardcover Fiction
70,Putnam,WHERE THE CRAWDADS SING,Delia Owens,by Delia Owens,,2020-01-19,Hardcover Fiction
12,Doubleday,THE GUARDIANS,John Grisham,by John Grisham,,2020-01-19,Hardcover Fiction
1,Putnam,SUCH A FUN AGE,Kiley Reid,by Kiley Reid,,2020-01-19,Hardcover Fiction
31,Celadon,THE SILENT PATIENT,Alex Michaelides,by Alex Michaelides,,2020-01-19,Hardcover Fiction
15,Harper,THE DUTCH HOUSE,Ann Patchett,by Ann Patchett,,2020-01-19,Hardcover Fiction
6,"Little, Brown",CRISS CROSS,James Patterson,by James Patterson,,2020-01-19,Hardcover Fiction
17,Scribner,THE INSTITUTE,Stephen King,by Stephen King,,2020-01-19,Hardcover Fiction
13,Pamela Dorman/Viking,THE GIVER OF STARS,Jojo Moyes,by Jojo Moyes,,2020-01-19,Hardcover Fiction
7,Grand Central,A MINUTE TO MIDNIGHT,David Baldacci,by David Baldacci,,2020-01-19,Hardcover Fiction
10,Delacorte,BLUE MOON,Lee Child,by Lee Child,,2020-01-19,Hardcover Fiction
14,One World,THE WATER DANCER,Ta-Nehisi Coates,by Ta-Nehisi Coates,,2020-01-19,Hardcover Fiction
16,Nan A. Talese/Doubleday,THE TESTAMENTS,Margaret Atwood,by Margaret Atwood,,2020-01-19,Hardcover Fiction
12,Random House,"OLIVE, AGAIN",Elizabeth Strout,by Elizabeth Strout,,2020-01-19,Hardcover Fiction
9,Doubleday,THE STARLESS SEA,Erin Morgenstern,by Erin Morgenstern,,2020-01-19,Hardcover Fiction
8,Putnam,TWISTED TWENTY-SIX,Janet Evanovich,by Janet Evanovich,,2020-01-19,Hardcover Fiction
69,Putnam,WHERE THE CRAWDADS SING,Delia Owens,by Delia Owens,,2020-01-12,Hardcover Fiction
11,Doubleday,THE GUARDIANS,John Grisham,by John Grisham,,2020-01-12,Hardcover Fiction
16,Scribner,THE INSTITUTE,Stephen King,by Stephen King,,2020-01-12,Hardcover Fiction
5,"Little, Brown",CRISS CROSS,James Patterson,by James Patterson,,2020-01-12,Hardcover Fiction
15,Nan A. Talese/Doubleday,THE TESTAMENTS,Margaret Atwood,by Margaret Atwood,,2020-01-12,Hardcover Fiction
9,Delacorte,BLUE MOON,Lee Child,by Lee Child,,2020-01-12,Hardcover Fiction
6,Grand Central,A MINUTE TO MIDNIGHT,David Baldacci,by David Baldacci,,2020-01-12,Hardcover Fiction
13,One World,THE WATER DANCER,Ta-Nehisi Coates,by Ta-Nehisi Coates,,2020-01-12,Hardcover Fiction
7,Putnam,TWISTED TWENTY-SIX,Janet Evanovich,by Janet Evanovich,,2020-01-12,Hardcover Fiction
14,Harper,THE DUTCH HOUSE,Ann Patchett,by Ann Patchett,,2020-01-12,Hardcover Fiction
30,Celadon,THE SILENT PATIENT,Alex Michaelides,by Alex Michaelides,,2020-01-12,Hardcover Fiction
11,Random House,"OLIVE, AGAIN",Elizabeth Strout,by Elizabeth Strout,,2020-01-12,Hardcover Fiction
3,Putnam,TOM CLANCY: CODE OF HONOR,Marc Cameron,by Marc Cameron,,2020-01-12,Hardcover Fiction
12,Pamela Dorman/Viking,THE GIVER OF STARS,Jojo Moyes,by Jojo Moyes,,2020-01-12,Hardcover Fiction
8,Doubleday,THE STARLESS SEA,Erin Morgenstern,by Erin Morgenstern,,2020-01-12,Hardcover Fiction
68,Putnam,WHERE THE CRAWDADS SING,Delia Owens,by Delia Owens,,2020-01-05,Hardcover Fiction
10,Doubleday,THE GUARDIANS,John Grisham,by John Grisham,,2020-01-05,Hardcover Fiction
15,Scribner,THE INSTITUTE,Stephen King,by Stephen King,,2020-01-05,Hardcover Fiction
4,"Little, Brown",CRISS CROSS,James Patterson,by James Patterson,,2020-01-05,Hardcover Fiction
8,Delacorte,BLUE MOON,Lee Child,by Lee Child,,2020-01-05,Hardcover Fiction
5,Grand Central,A MINUTE TO MIDNIGHT,David Baldacci,by David Baldacci,,2020-01-05,Hardcover Fiction
13,Harper,THE DUTCH HOUSE,Ann Patchett,by Ann Patchett,,2020-01-05,Hardcover Fiction
6,Putnam,TWISTED TWENTY-SIX,Janet Evanovich,by Janet Evanovich,,2020-01-05,Hardcover Fiction
29,Celadon,THE SILENT PATIENT,Alex Michaelides,by Alex Michaelides,,2020-01-05,Hardcover Fiction
14,Nan A. Talese/Doubleday,THE TESTAMENTS,Margaret Atwood,by Margaret Atwood,,2020-01-05,Hardcover Fiction
12,One World,THE WATER DANCER,Ta-Nehisi Coates,by Ta-Nehisi Coates,,2020-01-05,Hardcover Fiction
10,Random House,"OLIVE, AGAIN",Elizabeth Strout,by Elizabeth Strout,,2020-01-05,Hardcover Fiction
11,Pamela Dorman/Viking,THE GIVER OF STARS,Jojo Moyes,by Jojo Moyes,,2020-01-05,Hardcover Fiction
7,Doubleday,THE STARLESS SEA,Erin Morgenstern,by Erin Morgenstern,,2020-01-05,Hardcover Fiction
2,Putnam,TOM CLANCY: CODE OF HONOR,Marc Cameron,by Marc Cameron,,2020-01-05,Hardcover Fiction
